


# Dump of table lbh_valueSetDefinition
# ------------------------------------------------------------

DROP TABLE IF EXISTS `lbh_valueSetDefinition`;

CREATE TABLE `lbh_valueSetDefinition` (
  `valueSetDefGuid` bigint(20) NOT NULL,
  `valueSetDefURI` varchar(250) COLLATE utf8_bin NOT NULL,
  `valueSetDefName` varchar(250) COLLATE utf8_bin NOT NULL,
  `defaultCodingScheme` varchar(50) COLLATE utf8_bin DEFAULT NULL,
  `conceptDomain` varchar(200) COLLATE utf8_bin DEFAULT NULL,
  `description` mediumtext COLLATE utf8_bin,
  `releaseGuid` bigint(20) DEFAULT NULL,
  `isActive` char(1) COLLATE utf8_bin DEFAULT NULL,
  `owner` varchar(250) COLLATE utf8_bin DEFAULT NULL,
  `status` varchar(50) COLLATE utf8_bin DEFAULT NULL,
  `effectiveDate` datetime DEFAULT NULL,
  `expirationDate` datetime DEFAULT NULL,
  `entryStateGuid` bigint(20) DEFAULT NULL,
  KEY `lbidx_h_vsd_n` (`valueSetDefName`),
  KEY `lbidx_h_vsd_u` (`valueSetDefURI`),
  KEY `lbFK_h_id` (`valueSetDefGuid`),
  CONSTRAINT `lbFK_h_id` FOREIGN KEY (`valueSetDefGuid`) REFERENCES `lbvalueSetDefinition` (`valueSetDefGuid`) ON DELETE CASCADE
) ENGINE=InnoDB DEFAULT CHARSET=utf8 COLLATE=utf8_bin ROW_FORMAT=DYNAMIC;



# Dump of table lbh_vsdEntry
# ------------------------------------------------------------

DROP TABLE IF EXISTS `lbh_vsdEntry`;

CREATE TABLE `lbh_vsdEntry` (
  `vsdEntryGuid` bigint(20) NOT NULL,
  `valueSetDefGuid` bigint(20) NOT NULL,
  `ruleOrder` decimal(18,0) NOT NULL,
  `operator` varchar(15) COLLATE utf8_bin NOT NULL,
  `codingSchemeReference` varchar(50) COLLATE utf8_bin DEFAULT NULL,
  `valueSetDefReference` varchar(250) COLLATE utf8_bin DEFAULT NULL,
  `entityCode` varchar(200) COLLATE utf8_bin DEFAULT NULL,
  `entityCodeNamespace` varchar(50) COLLATE utf8_bin DEFAULT NULL,
  `leafOnly` char(1) COLLATE utf8_bin DEFAULT NULL,
  `referenceAssociation` varchar(50) COLLATE utf8_bin DEFAULT NULL,
  `targetToSource` char(1) COLLATE utf8_bin DEFAULT NULL,
  `transitiveClosure` char(1) COLLATE utf8_bin DEFAULT NULL,
  `propertyRefCodingScheme` varchar(50) COLLATE utf8_bin DEFAULT NULL,
  `propertyName` varchar(50) COLLATE utf8_bin DEFAULT NULL,
  `propertyMatchValue` mediumtext COLLATE utf8_bin,
  `matchAlgorithm` varchar(250) COLLATE utf8_bin DEFAULT NULL,
  `format` varchar(50) COLLATE utf8_bin DEFAULT NULL,
  `isActive` char(1) COLLATE utf8_bin DEFAULT NULL,
  `owner` varchar(250) COLLATE utf8_bin DEFAULT NULL,
  `status` varchar(50) COLLATE utf8_bin DEFAULT NULL,
  `effectiveDate` datetime DEFAULT NULL,
  `expirationDate` datetime DEFAULT NULL,
  `entryStateGuid` bigint(20) DEFAULT NULL,
  KEY `lbidx_h_vsde_i` (`valueSetDefGuid`),
  KEY `lbidx_h_vsde_e` (`entityCode`),
  KEY `lbFK_h_vsde_id` (`vsdEntryGuid`),
  CONSTRAINT `lbFK_h_vsde_id` FOREIGN KEY (`vsdEntryGuid`) REFERENCES `lbvsdEntry` (`vsdEntryGuid`) ON DELETE CASCADE
) ENGINE=InnoDB DEFAULT CHARSET=utf8 COLLATE=utf8_bin ROW_FORMAT=DYNAMIC;



# Dump of table lbh_vsMultiAttrib
# ------------------------------------------------------------

DROP TABLE IF EXISTS `lbh_vsMultiAttrib`;

CREATE TABLE `lbh_vsMultiAttrib` (
  `vsMultiAttribGuid` bigint(20) NOT NULL,
  `referenceGuid` bigint(20) NOT NULL,
  `referenceType` varchar(50) COLLATE utf8_bin NOT NULL,
  `attributeType` varchar(30) COLLATE utf8_bin NOT NULL,
  `attributeValue` varchar(250) COLLATE utf8_bin NOT NULL,
  `subRef` varchar(250) COLLATE utf8_bin DEFAULT NULL,
  `role` varchar(250) COLLATE utf8_bin DEFAULT NULL,
  `entryStateGuid` bigint(20) DEFAULT NULL,
  KEY `lbFK_h_vsma_id` (`vsMultiAttribGuid`),
  CONSTRAINT `lbFK_h_vsma_id` FOREIGN KEY (`vsMultiAttribGuid`) REFERENCES `lbvsMultiAttrib` (`vsMultiAttribGuid`) ON DELETE CASCADE
) ENGINE=InnoDB DEFAULT CHARSET=utf8 COLLATE=utf8_bin ROW_FORMAT=DYNAMIC;



# Dump of table lbh_vsPickList
# ------------------------------------------------------------

DROP TABLE IF EXISTS `lbh_vsPickList`;

CREATE TABLE `lbh_vsPickList` (
  `vsPickListGuid` bigint(20) NOT NULL,
  `pickListId` varchar(50) COLLATE utf8_bin NOT NULL,
  `representsValueSetDefinition` varchar(250) COLLATE utf8_bin NOT NULL,
  `completeSet` char(1) COLLATE utf8_bin DEFAULT NULL,
  `defaultEntityCodeNamespace` varchar(50) COLLATE utf8_bin DEFAULT NULL,
  `defaultLanguage` varchar(32) COLLATE utf8_bin DEFAULT NULL,
  `defaultSortOrder` varchar(50) COLLATE utf8_bin DEFAULT NULL,
  `description` mediumtext COLLATE utf8_bin,
  `releaseGuid` bigint(20) DEFAULT NULL,
  `isActive` char(1) COLLATE utf8_bin DEFAULT NULL,
  `owner` varchar(250) COLLATE utf8_bin DEFAULT NULL,
  `status` varchar(50) COLLATE utf8_bin DEFAULT NULL,
  `effectiveDate` datetime DEFAULT NULL,
  `expirationDate` datetime DEFAULT NULL,
  `entryStateGuid` bigint(20) DEFAULT NULL,
  KEY `lbidx_h_pl_id` (`pickListId`),
  KEY `lbidx_h_pl_vsd` (`representsValueSetDefinition`),
  KEY `lbFK_h_pl_id` (`vsPickListGuid`),
  CONSTRAINT `lbFK_h_pl_id` FOREIGN KEY (`vsPickListGuid`) REFERENCES `lbvsPickList` (`vsPickListGuid`) ON DELETE CASCADE
) ENGINE=InnoDB DEFAULT CHARSET=utf8 COLLATE=utf8_bin ROW_FORMAT=DYNAMIC;



# Dump of table lbh_vsPLEntry
# ------------------------------------------------------------

DROP TABLE IF EXISTS `lbh_vsPLEntry`;

CREATE TABLE `lbh_vsPLEntry` (
  `vsPLEntryGuid` bigint(20) NOT NULL,
  `vsPickListGuid` bigint(20) NOT NULL,
  `plEntryId` varchar(50) COLLATE utf8_bin NOT NULL,
  `entityCodeNamespace` varchar(50) COLLATE utf8_bin DEFAULT NULL,
  `entityCode` varchar(200) COLLATE utf8_bin NOT NULL,
  `entryOrder` decimal(18,0) DEFAULT NULL,
  `isDefault` char(1) COLLATE utf8_bin DEFAULT NULL,
  `matchIfNoContext` char(1) COLLATE utf8_bin DEFAULT NULL,
  `propertyId` varchar(50) COLLATE utf8_bin DEFAULT NULL,
  `language` varchar(32) COLLATE utf8_bin DEFAULT NULL,
  `include` char(1) COLLATE utf8_bin DEFAULT NULL,
  `pickText` mediumtext COLLATE utf8_bin,
  `isActive` char(1) COLLATE utf8_bin DEFAULT NULL,
  `owner` varchar(250) COLLATE utf8_bin DEFAULT NULL,
  `status` varchar(50) COLLATE utf8_bin DEFAULT NULL,
  `effectiveDate` datetime DEFAULT NULL,
  `expirationDate` datetime DEFAULT NULL,
  `entryStateGuid` bigint(20) DEFAULT NULL,
  KEY `lbidx_h_ple_id` (`vsPickListGuid`),
  KEY `lbidx_ple_ec` (`entityCode`),
  KEY `lbFK_h_ple_id` (`vsPLEntryGuid`),
  CONSTRAINT `lbFK_h_ple_id` FOREIGN KEY (`vsPLEntryGuid`) REFERENCES `lbvsPLEntry` (`vsPLEntryGuid`) ON DELETE CASCADE
) ENGINE=InnoDB DEFAULT CHARSET=utf8 COLLATE=utf8_bin ROW_FORMAT=DYNAMIC;



# Dump of table lbh_vsProperty
# ------------------------------------------------------------

DROP TABLE IF EXISTS `lbh_vsProperty`;

CREATE TABLE `lbh_vsProperty` (
  `vsPropertyGuid` bigint(20) NOT NULL,
  `referenceGuid` bigint(20) NOT NULL,
  `referenceType` varchar(50) COLLATE utf8_bin NOT NULL,
  `propertyId` varchar(50) COLLATE utf8_bin DEFAULT NULL,
  `propertyType` varchar(15) COLLATE utf8_bin DEFAULT NULL,
  `propertyName` varchar(50) COLLATE utf8_bin NOT NULL,
  `language` varchar(32) COLLATE utf8_bin DEFAULT NULL,
  `format` varchar(50) COLLATE utf8_bin DEFAULT NULL,
  `isPreferred` char(1) COLLATE utf8_bin DEFAULT NULL,
  `matchIfNoContext` char(1) COLLATE utf8_bin DEFAULT NULL,
  `degreeOfFidelity` varchar(50) COLLATE utf8_bin DEFAULT NULL,
  `representationalForm` varchar(50) COLLATE utf8_bin DEFAULT NULL,
  `propertyValue` mediumtext COLLATE utf8_bin NOT NULL,
  `isActive` char(1) COLLATE utf8_bin DEFAULT NULL,
  `owner` varchar(250) COLLATE utf8_bin DEFAULT NULL,
  `status` varchar(50) COLLATE utf8_bin DEFAULT NULL,
  `effectiveDate` datetime DEFAULT NULL,
  `expirationDate` datetime DEFAULT NULL,
  `entryStateGuid` bigint(20) NOT NULL,
  KEY `lbidx_h_vsp_id` (`referenceGuid`,`propertyId`,`propertyName`),
  KEY `lbFK_h_vsp_id` (`vsPropertyGuid`),
  CONSTRAINT `lbFK_h_vsp_id` FOREIGN KEY (`vsPropertyGuid`) REFERENCES `lbvsProperty` (`vsPropertyGuid`) ON DELETE CASCADE
) ENGINE=InnoDB DEFAULT CHARSET=utf8 COLLATE=utf8_bin ROW_FORMAT=DYNAMIC;



# Dump of table lbh_vsPropertyMultiAttrib
# ------------------------------------------------------------

DROP TABLE IF EXISTS `lbh_vsPropertyMultiAttrib`;

CREATE TABLE `lbh_vsPropertyMultiAttrib` (
  `vsPropMultiAttribGuid` bigint(20) NOT NULL,
  `vsPropertyGuid` bigint(20) NOT NULL,
  `attributeType` varchar(30) COLLATE utf8_bin NOT NULL,
  `attributeId` varchar(50) COLLATE utf8_bin DEFAULT NULL,
  `attributeValue` varchar(250) COLLATE utf8_bin NOT NULL,
  `subRef` varchar(250) COLLATE utf8_bin DEFAULT NULL,
  `role` varchar(250) COLLATE utf8_bin DEFAULT NULL,
  `qualifierType` varchar(250) COLLATE utf8_bin DEFAULT NULL,
  `entryStateGuid` bigint(20) DEFAULT NULL,
  KEY `lbidx_h_vspm_id` (`vsPropertyGuid`),
  KEY `lbFK_h_vspm_id` (`vsPropMultiAttribGuid`),
  CONSTRAINT `lbFK_h_vspm_id` FOREIGN KEY (`vsPropMultiAttribGuid`) REFERENCES `lbvsPropertyMultiAttrib` (`vsPropMultiAttribGuid`) ON DELETE CASCADE
) ENGINE=InnoDB DEFAULT CHARSET=utf8 COLLATE=utf8_bin ROW_FORMAT=DYNAMIC;





# Dump of table lbvalueSetDefinition
# ------------------------------------------------------------

DROP TABLE IF EXISTS `lbvalueSetDefinition`;

CREATE TABLE `lbvalueSetDefinition` (
  `valueSetDefGuid` bigint(20) NOT NULL,
  `valueSetDefURI` varchar(250) COLLATE utf8_bin NOT NULL,
  `valueSetDefName` varchar(250) COLLATE utf8_bin DEFAULT NULL,
  `defaultCodingScheme` varchar(50) COLLATE utf8_bin DEFAULT NULL,
  `conceptDomain` varchar(200) COLLATE utf8_bin DEFAULT NULL,
  `description` mediumtext COLLATE utf8_bin,
  `releaseGuid` bigint(20) DEFAULT NULL,
  `isActive` char(1) COLLATE utf8_bin DEFAULT NULL,
  `owner` varchar(250) COLLATE utf8_bin DEFAULT NULL,
  `status` varchar(50) COLLATE utf8_bin DEFAULT NULL,
  `effectiveDate` datetime DEFAULT NULL,
  `expirationDate` datetime DEFAULT NULL,
  `entryStateGuid` bigint(20) DEFAULT NULL,
  PRIMARY KEY (`valueSetDefGuid`),
  UNIQUE KEY `lbUQ_vsd_URI` (`valueSetDefURI`),
  KEY `lbidx_vsd_relid` (`releaseGuid`),
  KEY `lbidx_vsd_name` (`valueSetDefName`)
) ENGINE=InnoDB DEFAULT CHARSET=utf8 COLLATE=utf8_bin ROW_FORMAT=DYNAMIC;

LOCK TABLES `lbvalueSetDefinition` WRITE;
/*!40000 ALTER TABLE `lbvalueSetDefinition` DISABLE KEYS */;

INSERT INTO `lbvalueSetDefinition` (`valueSetDefGuid`, `valueSetDefURI`, `valueSetDefName`, `defaultCodingScheme`, `conceptDomain`, `description`, `releaseGuid`, `isActive`, `owner`, `status`, `effectiveDate`, `expirationDate`, `entryStateGuid`)
VALUES
	(800690,X'535249544553543A4155544F3A45766572795468696E67',X'416C6C204175746F6D6F62696C6573206E6F646573',X'4175746F6D6F62696C6573',X'4175746F73',X'4465736372697074696F6E206F662056534420535249544553543A4155544F3A45766572795468696E67',800689,X'31',NULL,X'414354495645','2009-01-01 05:00:00',NULL,800691),
	(800740,X'535249544553543A4155544F3A446F6D65737469634175746F4D616B657273',X'446F6D6573746963204175746F204D616B657273',X'4175746F6D6F62696C6573',X'4175746F73',NULL,800689,X'31',NULL,X'414354495645','2009-01-01 05:00:00',NULL,800741),
	(800768,X'535249544553543A4155544F3A4175746F6D6F62696C6573',X'4175746F6D6F62696C6573',X'4175746F6D6F62696C6573',X'4175746F73',NULL,800689,X'31',NULL,X'414354495645','2009-01-01 05:00:00',NULL,800769),
	(800795,X'535249544553543A4155544F3A4175746F6D6F62696C65734E6F4E616D65',X'20',X'4175746F6D6F62696C6573',NULL,NULL,800689,X'31',NULL,X'414354495645','2009-01-01 05:00:00',NULL,800796),
	(800820,X'535249544553543A4155544F3A50726F7052656647656E6572616C4F72466F637573',X'50726F70657274792052656620746573742047656E6572616C204F5220466F637573',X'4175746F6D6F62696C6573',NULL,NULL,800689,X'31',NULL,X'414354495645','2009-01-01 05:00:00',NULL,800821),
	(800847,X'535249544553543A4155544F3A416C6C446F6D6573746963427574474D',X'416C6C20446F6D6573746963204175746F732042757420474D',X'4175746F6D6F62696C6573',NULL,NULL,800689,X'31',NULL,X'414354495645','2009-01-01 05:00:00',NULL,800848),
	(800874,X'535249544553543A4155544F3A416C6C446F6D6573746963427574474D576974686C74323530636861724E616D65',X'416C6C20446F6D6573746963204175746F732042757420474D2020616E64206173206D616E7920636861726163746572732061732069742074616B657320746F2065786365656420353020636861727320627574206E6F742032353020636861727320616E6420746861742073686F756C642061626F757420646F206974',X'4175746F6D6F62696C6573',NULL,NULL,800689,X'31',NULL,X'414354495645','2009-01-01 05:00:00',NULL,800875),
	(800901,X'535249544553543A4155544F3A416C6C446F6D6573746963414E44474D',X'416C6C20446F6D6573746963204175746F7320414E4420474D',X'4175746F6D6F62696C6573',NULL,NULL,800689,X'31',NULL,X'414354495645','2009-01-01 05:00:00',NULL,800902),
	(800928,X'535249544553543A4155544F3A416C6C446F6D6573746963414E44474D31',X'416C6C20446F6D6573746963204175746F7320414E4420474D31',X'4175746F6D6F62696C6573',NULL,NULL,800689,X'31',NULL,X'414354495645','2009-01-01 05:00:00',NULL,800929),
	(800955,X'535249544553543A4155544F3A474D',X'474D',X'4175746F6D6F62696C6573',NULL,NULL,800689,X'31',NULL,X'414354495645','2009-01-01 05:00:00',NULL,800956),
	(800980,X'535249544553543A4155544F3A474D5F4E4F44455F4F4E4C59',X'474D204E6F6465204F6E6C79',X'4175746F6D6F62696C6573',NULL,NULL,800689,X'31',NULL,X'414354495645','2009-01-01 05:00:00',NULL,800981),
	(801005,X'535249544553543A4155544F3A474D5F414E445F494D4D495F4E4F4445',X'474D20616E6420696D6D656469617465206E6F646573204F6E6C79',X'4175746F6D6F62696C6573',NULL,NULL,800689,X'31',NULL,X'414354495645','2009-01-01 05:00:00',NULL,801006),
	(801030,X'535249544553543A4155544F3A466F7264',X'466F7264',X'4175746F6D6F62696C6573',NULL,NULL,800689,X'31',NULL,X'414354495645','2009-01-01 05:00:00',NULL,801031),
	(801055,X'535249544553543A4155544F3A446F6D61737469634C6561664F6E6C79',X'446F6D6573746963204C656166204F6E6C79',X'4175746F6D6F62696C6573',NULL,NULL,800689,X'31',NULL,X'414354495645','2009-01-01 05:00:00',NULL,801056),
	(801080,X'535249544553543A4155544F3A50726F70657274795265665465737431',X'50726F7065727479205265666572656E636520546573742031',X'4175746F6D6F62696C6573',NULL,NULL,800689,X'31',NULL,X'414354495645','2009-01-01 05:00:00',NULL,801081),
	(801123,X'535249544553543A46413A4D6963726F6269616C5374727563747572654F6E746F6C6F6779',X'6D6963726F6269616C20737472756374757265206F6E746F6C6F6779',X'66756E67616C5F616E61746F6D79',NULL,NULL,800689,X'31',NULL,X'414354495645','2009-01-01 05:00:00',NULL,801124),
	(801148,X'535249544553543A46413A4D6963726F6269616C5374727563747572654F6E746F6C6F67794C6561664F6E6C79',X'6D6963726F6269616C20737472756374757265206F6E746F6C6F6779206C656166206F6E6C79',X'66756E67616C5F616E61746F6D79',NULL,NULL,800689,X'31',NULL,X'414354495645','2009-01-01 05:00:00',NULL,801149),
	(801173,X'535249544553543A46413A68797068614C6561664F6E6C79',X'6879706861206C656166206F6E6C79',X'66756E67616C5F616E61746F6D79',NULL,NULL,800689,X'31',NULL,X'414354495645','2009-01-01 05:00:00',NULL,801174),
	(801198,X'535249544553543A46413A4879706861496E4D7963656C69756D',X'687970686120696E206D7963656C69756D',X'66756E67616C5F616E61746F6D79',NULL,NULL,800689,X'31',NULL,X'414354495645','2009-01-01 05:00:00',NULL,801199),
	(801223,X'535249544553543A46413A487970686150726F7065727479526566',X'50726F7065727479206D617463682076616C7565202D20687970686120',X'66756E67616C5F616E61746F6D79',NULL,NULL,800689,X'31',NULL,X'414354495645','2009-01-01 05:00:00',NULL,801224),
	(801248,X'535249544553543A46413A4D6963726F6269616C5374727563747572654F6E746F6C6F6779416E644879706861496E4D7963656C69756D',X'6D6963726F6269616C20737472756374757265206F6E746F6C6F677920414E44204879706861496E4D7963656C69756D',X'66756E67616C5F616E61746F6D79',NULL,NULL,800689,X'31',NULL,X'414354495645','2009-01-01 05:00:00',NULL,801249),
	(801365,X'687474703A2F2F6576732E6E63692E6E69682E676F762F76616C75657365742F4644412F433534343533',X'537472756374757265642050726F64756374204C6162656C696E6720436F6C6F72205465726D696E6F6C6F6779',X'6F776C326C6578657673',X'496E74656C6C65637475616C2050726F64756374',X'5465726D696E6F6C6F6779207573656420666F7220726570726573656E746174696F6E206F662074686520696E666F726D6174696F6E206F6E20706861726D61636575746963616C2070726F6475637420636F6C6F7220696E20746865206672616D65776F726B206F662074686520537472756374757265642050726F64756374204C6162656C696E6720646F63756D656E74732E',NULL,X'31',X'4E4349',X'414354495645',NULL,NULL,801366),
	(801378,X'687474703A2F2F6576732E6E63692E6E69682E676F762F76616C75657365742F4644412F433438333333',X'424C5545',X'6F776C326C6578657673',X'5175616C6974617469766520436F6E63657074',X'54686520687565206F66207468617420706F7274696F6E206F66207468652076697369626C6520737065637472756D206C79696E67206265747765656E20677265656E20616E6420696E6469676F2E',NULL,X'31',X'4E4349',X'414354495645',NULL,NULL,801379),
	(801391,X'687474703A2F2F6576732E6E63692E6E69682E676F762F76616C75657365742F4644412F433939393939',X'426C61636B6572',X'6F776C326C6578657673',X'5175616C6974617469766520436F6E63657074',X'4F66206576656E206461726B657220636F6C6F72',NULL,X'31',X'4E4349',X'414354495645',NULL,NULL,801392),
	(801404,X'687474703A2F2F6576732E6E63692E6E69682E676F762F76616C75657365742F4644412F433438333235',X'5768697465',X'6F776C326C6578657673',X'5175616C6974617469766520436F6E63657074',X'54686520616368726F6D6174696320636F6C6F72206F66206D6178696D756D206C696768746E6573733B2074686520636F6C6F72206F66206F626A656374732074686174207265666C656374206E6561726C7920616C6C206C69676874206F6620616C6C2076697369626C6520776176656C656E677468733B2074686520636F6D706C656D656E74206F7220616E7461676F6E697374206F6620626C61636B2C20746865206F746865722065787472656D65206F6620746865206E65757472616C2067726179207365726965732E',NULL,X'31',X'4E4349',X'414354495645',NULL,NULL,801405),
	(801417,X'687474703A2F2F6576732E6E63692E6E69682E676F762F76616C75657365742F4644412F433438333233',X'426C61636B',X'6F776C326C6578657673',X'5175616C6974617469766520436F6E63657074',X'4F66206461726B65737420636F6C6F723B2070726F647563696E67206F72207265666C656374696E6720636F6D70617261746976656C79206C6974746C65206C6967687420616E6420686176696E67206E6F20707265646F6D696E616E74206875653B206265696E672074686520636F6C6F72206F6620636F616C206F7220636172626F6E2E',NULL,X'31',X'4E4349',X'414354495645',NULL,NULL,801418),
	(801430,X'687474703A2F2F6576732E6E63692E6E69682E676F762F76616C75657365742F544553542F433438333233',X'426C61636B',X'6F776C326C6578657673',X'5175616C6974617469766520436F6E63657074',X'4F66206461726B65737420636F6C6F723B2070726F647563696E67206F72207265666C656374696E6720636F6D70617261746976656C79206C6974746C65206C6967687420616E6420686176696E67206E6F20707265646F6D696E616E74206875653B206265696E672074686520636F6C6F72206F6620636F616C206F7220636172626F6E2E',NULL,X'31',X'4E4349',X'414354495645',NULL,NULL,801431),
	(803877,X'4F574C324C45584556533A566572795369636B43616E63657250617469656E74',X'56657279205369636B2043616E6365722050617469656E74',X'6F776C326C6578657673',X'4F776C32',NULL,800689,X'31',NULL,X'414354495645','2016-01-01 05:00:00',NULL,803878);

/*!40000 ALTER TABLE `lbvalueSetDefinition` ENABLE KEYS */;
UNLOCK TABLES;


# Dump of table lbvsdEntry
# ------------------------------------------------------------

DROP TABLE IF EXISTS `lbvsdEntry`;

CREATE TABLE `lbvsdEntry` (
  `vsdEntryGuid` bigint(20) NOT NULL,
  `valueSetDefGuid` bigint(20) NOT NULL,
  `ruleOrder` decimal(18,0) NOT NULL,
  `operator` varchar(15) COLLATE utf8_bin NOT NULL,
  `codingSchemeReference` varchar(50) COLLATE utf8_bin DEFAULT NULL,
  `valueSetDefReference` varchar(250) COLLATE utf8_bin DEFAULT NULL,
  `entityCode` varchar(200) COLLATE utf8_bin DEFAULT NULL,
  `entityCodeNamespace` varchar(50) COLLATE utf8_bin DEFAULT NULL,
  `leafOnly` char(1) COLLATE utf8_bin DEFAULT NULL,
  `referenceAssociation` varchar(50) COLLATE utf8_bin DEFAULT NULL,
  `targetToSource` char(1) COLLATE utf8_bin DEFAULT NULL,
  `transitiveClosure` char(1) COLLATE utf8_bin DEFAULT NULL,
  `propertyRefCodingScheme` varchar(50) COLLATE utf8_bin DEFAULT NULL,
  `propertyName` varchar(50) COLLATE utf8_bin DEFAULT NULL,
  `propertyMatchValue` mediumtext COLLATE utf8_bin,
  `matchAlgorithm` varchar(250) COLLATE utf8_bin DEFAULT NULL,
  `format` varchar(50) COLLATE utf8_bin DEFAULT NULL,
  `isActive` char(1) COLLATE utf8_bin DEFAULT NULL,
  `owner` varchar(250) COLLATE utf8_bin DEFAULT NULL,
  `status` varchar(50) COLLATE utf8_bin DEFAULT NULL,
  `effectiveDate` datetime DEFAULT NULL,
  `expirationDate` datetime DEFAULT NULL,
  `entryStateGuid` bigint(20) DEFAULT NULL,
  PRIMARY KEY (`vsdEntryGuid`),
  UNIQUE KEY `lbUQ_vsde_idro` (`valueSetDefGuid`,`ruleOrder`),
  KEY `lbidx_vsde_vid` (`valueSetDefGuid`),
  KEY `lbidx_vsde_ec` (`entityCode`),
  CONSTRAINT `lbFK_vsde_vsid` FOREIGN KEY (`valueSetDefGuid`) REFERENCES `lbvalueSetDefinition` (`valueSetDefGuid`) ON DELETE CASCADE
) ENGINE=InnoDB DEFAULT CHARSET=utf8 COLLATE=utf8_bin ROW_FORMAT=DYNAMIC;

LOCK TABLES `lbvsdEntry` WRITE;
/*!40000 ALTER TABLE `lbvsdEntry` DISABLE KEYS */;

INSERT INTO `lbvsdEntry` (`vsdEntryGuid`, `valueSetDefGuid`, `ruleOrder`, `operator`, `codingSchemeReference`, `valueSetDefReference`, `entityCode`, `entityCodeNamespace`, `leafOnly`, `referenceAssociation`, `targetToSource`, `transitiveClosure`, `propertyRefCodingScheme`, `propertyName`, `propertyMatchValue`, `matchAlgorithm`, `format`, `isActive`, `owner`, `status`, `effectiveDate`, `expirationDate`, `entryStateGuid`)
VALUES
	(800692,800690,1,X'4F52',NULL,NULL,X'4130303031',NULL,X'30',X'68617353756274797065',X'30',X'31',NULL,NULL,NULL,NULL,NULL,NULL,NULL,NULL,NULL,NULL,800693),
	(800694,800690,2,X'4F52',NULL,NULL,X'303035',NULL,X'30',X'68617353756274797065',X'30',X'31',NULL,NULL,NULL,NULL,NULL,NULL,NULL,NULL,NULL,NULL,800695),
	(800742,800740,1,X'4F52',NULL,NULL,X'303035',NULL,X'30',X'68617353756274797065',X'30',X'31',NULL,NULL,NULL,NULL,NULL,NULL,NULL,NULL,NULL,NULL,800743),
	(800770,800768,1,X'4F52',NULL,NULL,X'4130303031',NULL,X'30',X'68617353756274797065',X'30',X'31',NULL,NULL,NULL,NULL,NULL,NULL,NULL,NULL,NULL,NULL,800771),
	(800797,800795,1,X'4F52',NULL,NULL,X'4130303031',NULL,X'30',X'68617353756274797065',X'30',X'31',NULL,NULL,NULL,NULL,NULL,NULL,NULL,NULL,NULL,NULL,800798),
	(800822,800820,1,X'4F52',NULL,NULL,NULL,NULL,NULL,NULL,NULL,NULL,X'4175746F6D6F62696C6573',NULL,X'47656E6572616C',NULL,NULL,NULL,NULL,NULL,NULL,NULL,800823),
	(800824,800820,2,X'4F52',NULL,NULL,NULL,NULL,NULL,NULL,NULL,NULL,X'4175746F6D6F62696C6573',NULL,X'466F637573',NULL,NULL,NULL,NULL,NULL,NULL,NULL,800825),
	(800849,800847,1,X'4F52',NULL,NULL,X'303035',NULL,X'30',X'68617353756274797065',X'30',X'31',NULL,NULL,NULL,NULL,NULL,NULL,NULL,NULL,NULL,NULL,800850),
	(800851,800847,2,X'5355425452414354',NULL,NULL,X'474D',NULL,X'30',X'68617353756274797065',X'30',X'31',NULL,NULL,NULL,NULL,NULL,NULL,NULL,NULL,NULL,NULL,800852),
	(800876,800874,1,X'4F52',NULL,NULL,X'303035',NULL,X'30',X'68617353756274797065',X'30',X'31',NULL,NULL,NULL,NULL,NULL,NULL,NULL,NULL,NULL,NULL,800877),
	(800878,800874,2,X'5355425452414354',NULL,NULL,X'474D',NULL,X'30',X'68617353756274797065',X'30',X'31',NULL,NULL,NULL,NULL,NULL,NULL,NULL,NULL,NULL,NULL,800879),
	(800903,800901,2,X'414E44',NULL,NULL,X'474D',NULL,NULL,NULL,NULL,NULL,NULL,NULL,NULL,NULL,NULL,NULL,NULL,NULL,NULL,NULL,800904),
	(800905,800901,1,X'4F52',NULL,NULL,X'303035',NULL,X'30',X'68617353756274797065',X'30',X'31',NULL,NULL,NULL,NULL,NULL,NULL,NULL,NULL,NULL,NULL,800906),
	(800930,800928,1,X'4F52',NULL,NULL,X'303035',NULL,X'30',X'68617353756274797065',X'30',X'31',NULL,NULL,NULL,NULL,NULL,NULL,NULL,NULL,NULL,NULL,800931),
	(800932,800928,2,X'414E44',NULL,NULL,X'474D',NULL,X'30',X'68617353756274797065',X'30',X'31',NULL,NULL,NULL,NULL,NULL,NULL,NULL,NULL,NULL,NULL,800933),
	(800957,800955,1,X'4F52',NULL,NULL,X'474D',NULL,X'30',X'68617353756274797065',X'30',X'31',NULL,NULL,NULL,NULL,NULL,NULL,NULL,NULL,NULL,NULL,800958),
	(800982,800980,1,X'4F52',NULL,NULL,X'474D',NULL,X'30',NULL,X'30',X'30',NULL,NULL,NULL,NULL,NULL,NULL,NULL,NULL,NULL,NULL,800983),
	(801007,801005,1,X'4F52',NULL,NULL,X'474D',NULL,X'30',X'68617353756274797065',X'30',X'30',NULL,NULL,NULL,NULL,NULL,NULL,NULL,NULL,NULL,NULL,801008),
	(801032,801030,1,X'4F52',NULL,NULL,X'466F7264',NULL,X'30',X'68617353756274797065',X'30',X'31',NULL,NULL,NULL,NULL,NULL,NULL,NULL,NULL,NULL,NULL,801033),
	(801057,801055,1,X'4F52',NULL,NULL,X'303035',NULL,X'31',X'68617353756274797065',X'30',X'31',NULL,NULL,NULL,NULL,NULL,NULL,NULL,NULL,NULL,NULL,801058),
	(801082,801080,1,X'4F52',NULL,NULL,NULL,NULL,NULL,NULL,NULL,NULL,X'4175746F6D6F62696C6573',NULL,X'47656E6572616C',X'4C7563656E655175657279',NULL,NULL,NULL,NULL,NULL,NULL,801083),
	(801125,801123,1,X'4F52',NULL,NULL,X'46414F3A30303030303031',NULL,X'30',X'69735F61',X'31',X'31',NULL,NULL,NULL,NULL,NULL,NULL,NULL,NULL,NULL,NULL,801126),
	(801150,801148,1,X'4F52',NULL,NULL,X'46414F3A30303030303031',NULL,X'31',X'69735F61',X'31',X'31',NULL,NULL,NULL,NULL,NULL,NULL,NULL,NULL,NULL,NULL,801151),
	(801175,801173,1,X'4F52',NULL,NULL,X'46414F3A30303031303031',NULL,X'31',X'69735F61',X'31',X'31',NULL,NULL,NULL,NULL,NULL,NULL,NULL,NULL,NULL,NULL,801176),
	(801200,801198,1,X'4F52',NULL,NULL,X'46414F3A30303031303033',NULL,X'30',X'69735F61',X'31',X'31',NULL,NULL,NULL,NULL,NULL,NULL,NULL,NULL,NULL,NULL,801201),
	(801225,801223,1,X'4F52',NULL,NULL,NULL,NULL,NULL,NULL,NULL,NULL,X'66756E67616C5F616E61746F6D79',NULL,X'6879706861',X'4C7563656E655175657279',NULL,NULL,NULL,NULL,NULL,NULL,801226),
	(801250,801248,1,X'4F52',NULL,NULL,X'46414F3A30303030303031',NULL,X'30',X'69735F61',X'31',X'31',NULL,NULL,NULL,NULL,NULL,NULL,NULL,NULL,NULL,NULL,801251),
	(801252,801248,2,X'414E44',NULL,NULL,X'46414F3A30303031303033',NULL,X'30',X'69735F61',X'31',X'31',NULL,NULL,NULL,NULL,NULL,NULL,NULL,NULL,NULL,NULL,801253),
	(801367,801365,0,X'4F52',NULL,NULL,X'433534343533',X'6F776C326C6578657673',X'31',X'436F6E636570745F496E5F537562736574',X'31',X'31',NULL,NULL,NULL,NULL,NULL,X'31',NULL,X'31',NULL,NULL,801368),
	(801380,801378,0,X'4F52',NULL,NULL,X'433438333333',X'6F776C326C6578657673',X'31',X'436F6E636570745F496E5F537562736574',X'31',X'31',NULL,NULL,NULL,NULL,NULL,X'31',NULL,X'31',NULL,NULL,801381),
	(801393,801391,0,X'4F52',NULL,NULL,X'433939393939',X'6F776C326C6578657673',X'31',X'436F6E636570745F496E5F537562736574',X'31',X'31',NULL,NULL,NULL,NULL,NULL,X'31',NULL,X'31',NULL,NULL,801394),
	(801406,801404,0,X'4F52',NULL,NULL,X'433438333235',X'6F776C326C6578657673',X'31',X'436F6E636570745F496E5F537562736574',X'31',X'31',NULL,NULL,NULL,NULL,NULL,X'31',NULL,X'31',NULL,NULL,801407),
	(801419,801417,0,X'4F52',NULL,NULL,X'433438333233',X'6F776C326C6578657673',X'31',X'436F6E636570745F496E5F537562736574',X'31',X'31',NULL,NULL,NULL,NULL,NULL,X'31',NULL,X'31',NULL,NULL,801420),
	(801432,801430,0,X'4F52',NULL,NULL,X'433438333233',X'6F776C326C6578657673',X'31',X'436F6E636570745F496E5F537562736574',X'31',X'31',NULL,NULL,NULL,NULL,NULL,X'31',NULL,X'31',NULL,NULL,801433),
	(803879,803877,1,X'4F52',NULL,NULL,X'566572795369636B43616E63657250617469656E74',X'6F776C326C6578657673',X'30',X'737562436C6173734F66',X'30',X'31',NULL,NULL,NULL,NULL,NULL,NULL,NULL,NULL,NULL,NULL,803880);

/*!40000 ALTER TABLE `lbvsdEntry` ENABLE KEYS */;
UNLOCK TABLES;


# Dump of table lbvsEntryState
# ------------------------------------------------------------

DROP TABLE IF EXISTS `lbvsEntryState`;

CREATE TABLE `lbvsEntryState` (
  `entryStateGuid` bigint(20) NOT NULL,
  `entryGuid` bigint(20) NOT NULL,
  `entryType` varchar(50) COLLATE utf8_bin DEFAULT NULL,
  `changeType` varchar(15) COLLATE utf8_bin DEFAULT NULL,
  `relativeOrder` decimal(18,0) DEFAULT NULL,
  `revisionGuid` bigint(20) DEFAULT NULL,
  `prevRevisionGuid` bigint(20) DEFAULT NULL,
  `prevEntryStateGuid` bigint(20) DEFAULT NULL,
  PRIMARY KEY (`entryStateGuid`),
  KEY `lbidx_ves_pid` (`prevEntryStateGuid`),
  KEY `lbidx_ves_rid` (`revisionGuid`),
  KEY `lbidx_ves_prid` (`prevRevisionGuid`),
  CONSTRAINT `lbFK_vses_pid` FOREIGN KEY (`prevEntryStateGuid`) REFERENCES `lbvsEntryState` (`entryStateGuid`) ON DELETE CASCADE
) ENGINE=InnoDB DEFAULT CHARSET=utf8 COLLATE=utf8_bin ROW_FORMAT=DYNAMIC;

LOCK TABLES `lbvsEntryState` WRITE;
/*!40000 ALTER TABLE `lbvsEntryState` DISABLE KEYS */;

INSERT INTO `lbvsEntryState` (`entryStateGuid`, `entryGuid`, `entryType`, `changeType`, `relativeOrder`, `revisionGuid`, `prevRevisionGuid`, `prevEntryStateGuid`)
VALUES
	(801081,801080,X'56414C5545534554444546494E4954494F4E',X'4E4557',1,NULL,NULL,NULL),
	(801249,801248,X'56414C5545534554444546494E4954494F4E',X'4E4557',1,NULL,NULL,NULL),
	(801255,801254,X'565350524F5045525459',X'4E4557',1,NULL,NULL,NULL);

/*!40000 ALTER TABLE `lbvsEntryState` ENABLE KEYS */;
UNLOCK TABLES;


# Dump of table lbvsMultiAttrib
# ------------------------------------------------------------

DROP TABLE IF EXISTS `lbvsMultiAttrib`;

CREATE TABLE `lbvsMultiAttrib` (
  `vsMultiAttribGuid` bigint(20) NOT NULL,
  `referenceGuid` bigint(20) NOT NULL,
  `referenceType` varchar(50) COLLATE utf8_bin NOT NULL,
  `attributeType` varchar(30) COLLATE utf8_bin NOT NULL,
  `attributeValue` varchar(250) COLLATE utf8_bin NOT NULL,
  `subRef` varchar(250) COLLATE utf8_bin DEFAULT NULL,
  `role` varchar(250) COLLATE utf8_bin DEFAULT NULL,
  `entryStateGuid` bigint(20) DEFAULT NULL,
  PRIMARY KEY (`vsMultiAttribGuid`),
  KEY `lbidx_vsma_rid` (`referenceGuid`),
  KEY `lbidx_vsma_rat` (`referenceGuid`,`attributeType`)
) ENGINE=InnoDB DEFAULT CHARSET=utf8 COLLATE=utf8_bin ROW_FORMAT=DYNAMIC;

LOCK TABLES `lbvsMultiAttrib` WRITE;
/*!40000 ALTER TABLE `lbvsMultiAttrib` DISABLE KEYS */;

INSERT INTO `lbvsMultiAttrib` (`vsMultiAttribGuid`, `referenceGuid`, `referenceType`, `attributeType`, `attributeValue`, `subRef`, `role`, `entryStateGuid`)
VALUES
	(800706,800690,X'56414C5545534554444546494E4954494F4E',X'436F6E74657874',X'4175746F6D6F62696C6573',NULL,NULL,800691),
	(800707,800690,X'56414C5545534554444546494E4954494F4E',X'436F6E74657874',X'466F7264',NULL,NULL,800691),
	(800708,800690,X'56414C5545534554444546494E4954494F4E',X'436F6E74657874',X'474D',NULL,NULL,800691),
	(800709,800690,X'56414C5545534554444546494E4954494F4E',X'536F75726365',X'474D',X'73756252656631',X'726F6C6531',800691),
	(800710,800690,X'56414C5545534554444546494E4954494F4E',X'536F75726365',X'466F7264',X'73756252656632',X'726F6C6532',800691),
	(801094,801080,X'56414C5545534554444546494E4954494F4E',X'436F6E74657874',X'4175746F6D6F62696C6573',NULL,NULL,801081),
	(801095,801080,X'56414C5545534554444546494E4954494F4E',X'436F6E74657874',X'466F7264',NULL,NULL,801081),
	(801096,801080,X'56414C5545534554444546494E4954494F4E',X'436F6E74657874',X'474D',NULL,NULL,801081),
	(801097,801080,X'56414C5545534554444546494E4954494F4E',X'536F75726365',X'474D',X'73756252656631',X'726F6C6531',801081),
	(801098,801080,X'56414C5545534554444546494E4954494F4E',X'536F75726365',X'466F7264',X'73756252656632',X'726F6C6532',801081),
	(801264,801248,X'56414C5545534554444546494E4954494F4E',X'436F6E74657874',X'4F424F',NULL,NULL,801249),
	(801265,801248,X'56414C5545534554444546494E4954494F4E',X'436F6E74657874',X'46756E67616C',NULL,NULL,801249),
	(801266,801248,X'56414C5545534554444546494E4954494F4E',X'436F6E74657874',X'416E61746F6D79',NULL,NULL,801249),
	(801267,801248,X'56414C5545534554444546494E4954494F4E',X'536F75726365',X'4F424F',X'73756252656631',X'726F6C6531',801249),
	(801268,801248,X'56414C5545534554444546494E4954494F4E',X'536F75726365',X'46756E67616C',X'73756252656632',X'726F6C6532',801249),
	(803883,803877,X'56414C5545534554444546494E4954494F4E',X'436F6E74657874',X'426C61636B',NULL,NULL,803878);

/*!40000 ALTER TABLE `lbvsMultiAttrib` ENABLE KEYS */;
UNLOCK TABLES;


# Dump of table lbvsPickList
# ------------------------------------------------------------

DROP TABLE IF EXISTS `lbvsPickList`;

CREATE TABLE `lbvsPickList` (
  `vsPickListGuid` bigint(20) NOT NULL,
  `pickListId` varchar(50) COLLATE utf8_bin NOT NULL,
  `representsValueSetDefinition` varchar(250) COLLATE utf8_bin NOT NULL,
  `completeSet` char(1) COLLATE utf8_bin DEFAULT NULL,
  `defaultEntityCodeNamespace` varchar(50) COLLATE utf8_bin DEFAULT NULL,
  `defaultLanguage` varchar(32) COLLATE utf8_bin DEFAULT NULL,
  `defaultSortOrder` varchar(50) COLLATE utf8_bin DEFAULT NULL,
  `description` mediumtext COLLATE utf8_bin,
  `releaseGuid` bigint(20) DEFAULT NULL,
  `isActive` char(1) COLLATE utf8_bin DEFAULT NULL,
  `owner` varchar(250) COLLATE utf8_bin DEFAULT NULL,
  `status` varchar(50) COLLATE utf8_bin DEFAULT NULL,
  `effectiveDate` datetime DEFAULT NULL,
  `expirationDate` datetime DEFAULT NULL,
  `entryStateGuid` bigint(20) DEFAULT NULL,
  PRIMARY KEY (`vsPickListGuid`),
  UNIQUE KEY `lbUQ_pl_plid` (`pickListId`),
  KEY `lbidx_pl_relid` (`releaseGuid`),
  KEY `lbidx_pl_rvsd` (`representsValueSetDefinition`)
) ENGINE=InnoDB DEFAULT CHARSET=utf8 COLLATE=utf8_bin ROW_FORMAT=DYNAMIC;



# Dump of table lbvsPLEntry
# ------------------------------------------------------------

DROP TABLE IF EXISTS `lbvsPLEntry`;

CREATE TABLE `lbvsPLEntry` (
  `vsPLEntryGuid` bigint(20) NOT NULL,
  `vsPickListGuid` bigint(20) NOT NULL,
  `plEntryId` varchar(50) COLLATE utf8_bin NOT NULL,
  `entityCodeNamespace` varchar(50) COLLATE utf8_bin DEFAULT NULL,
  `entityCode` varchar(200) COLLATE utf8_bin NOT NULL,
  `entryOrder` decimal(18,0) DEFAULT NULL,
  `isDefault` char(1) COLLATE utf8_bin DEFAULT NULL,
  `matchIfNoContext` char(1) COLLATE utf8_bin DEFAULT NULL,
  `propertyId` varchar(50) COLLATE utf8_bin DEFAULT NULL,
  `language` varchar(32) COLLATE utf8_bin DEFAULT NULL,
  `include` char(1) COLLATE utf8_bin DEFAULT NULL,
  `pickText` mediumtext COLLATE utf8_bin,
  `isActive` char(1) COLLATE utf8_bin DEFAULT NULL,
  `owner` varchar(250) COLLATE utf8_bin DEFAULT NULL,
  `status` varchar(50) COLLATE utf8_bin DEFAULT NULL,
  `effectiveDate` datetime DEFAULT NULL,
  `expirationDate` datetime DEFAULT NULL,
  `entryStateGuid` bigint(20) DEFAULT NULL,
  PRIMARY KEY (`vsPLEntryGuid`),
  UNIQUE KEY `lbUQ_ple_pleid` (`vsPickListGuid`,`plEntryId`),
  KEY `lbidx_ple_plid` (`vsPickListGuid`),
  KEY `lbidx_ple_ecd` (`entityCode`),
  CONSTRAINT `FK_ple_plid` FOREIGN KEY (`vsPickListGuid`) REFERENCES `lbvsPickList` (`vsPickListGuid`) ON DELETE CASCADE
) ENGINE=InnoDB DEFAULT CHARSET=utf8 COLLATE=utf8_bin ROW_FORMAT=DYNAMIC;



# Dump of table lbvsProperty
# ------------------------------------------------------------

DROP TABLE IF EXISTS `lbvsProperty`;

CREATE TABLE `lbvsProperty` (
  `vsPropertyGuid` bigint(20) NOT NULL,
  `referenceGuid` bigint(20) NOT NULL,
  `referenceType` varchar(50) COLLATE utf8_bin NOT NULL,
  `propertyId` varchar(50) COLLATE utf8_bin DEFAULT NULL,
  `propertyType` varchar(15) COLLATE utf8_bin DEFAULT NULL,
  `propertyName` varchar(50) COLLATE utf8_bin NOT NULL,
  `language` varchar(32) COLLATE utf8_bin DEFAULT NULL,
  `format` varchar(50) COLLATE utf8_bin DEFAULT NULL,
  `isPreferred` char(1) COLLATE utf8_bin DEFAULT NULL,
  `matchIfNoContext` char(1) COLLATE utf8_bin DEFAULT NULL,
  `degreeOfFidelity` varchar(50) COLLATE utf8_bin DEFAULT NULL,
  `representationalForm` varchar(50) COLLATE utf8_bin DEFAULT NULL,
  `propertyValue` mediumtext COLLATE utf8_bin NOT NULL,
  `isActive` char(1) COLLATE utf8_bin DEFAULT NULL,
  `owner` varchar(250) COLLATE utf8_bin DEFAULT NULL,
  `status` varchar(50) COLLATE utf8_bin DEFAULT NULL,
  `effectiveDate` datetime DEFAULT NULL,
  `expirationDate` datetime DEFAULT NULL,
  `entryStateGuid` bigint(20) DEFAULT NULL,
  PRIMARY KEY (`vsPropertyGuid`),
  UNIQUE KEY `lbUQ_vsp_rid` (`referenceGuid`,`propertyId`,`propertyName`)
) ENGINE=InnoDB DEFAULT CHARSET=utf8 COLLATE=utf8_bin ROW_FORMAT=DYNAMIC;

LOCK TABLES `lbvsProperty` WRITE;
/*!40000 ALTER TABLE `lbvsProperty` DISABLE KEYS */;

INSERT INTO `lbvsProperty` (`vsPropertyGuid`, `referenceGuid`, `referenceType`, `propertyId`, `propertyType`, `propertyName`, `language`, `format`, `isPreferred`, `matchIfNoContext`, `degreeOfFidelity`, `representationalForm`, `propertyValue`, `isActive`, `owner`, `status`, `effectiveDate`, `expirationDate`, `entryStateGuid`)
VALUES
	(800696,800690,X'56414C5545534554444546494E4954494F4E',X'405F66316237386237362D663566662D343166612D386562322D343832323835343265626266',X'70726F7065727479',X'7465787475616C50726573656E746174696F6E',NULL,NULL,NULL,NULL,NULL,NULL,X'416C6C204175746F6D6F62696C6573206E6F646573',NULL,NULL,NULL,NULL,NULL,800697),
	(800744,800740,X'56414C5545534554444546494E4954494F4E',X'405F32353330303133302D303631362D346237322D616437352D316439623436353436376562',X'70726F7065727479',X'7465787475616C50726573656E746174696F6E',NULL,NULL,NULL,NULL,NULL,NULL,X'446F6D6573746963204175746F204D616B657273',NULL,NULL,NULL,NULL,NULL,800745),
	(800772,800768,X'56414C5545534554444546494E4954494F4E',X'405F39393665636538382D656365362D346433662D613332312D313033333534353361616363',X'70726F7065727479',X'7465787475616C50726573656E746174696F6E',NULL,NULL,NULL,NULL,NULL,NULL,X'4175746F6D6F62696C6573',NULL,NULL,NULL,NULL,NULL,800773),
	(800799,800795,X'56414C5545534554444546494E4954494F4E',X'405F37313934313734632D633338382D343065342D386566362D333564653263383435373733',X'70726F7065727479',X'7465787475616C50726573656E746174696F6E',NULL,NULL,NULL,NULL,NULL,NULL,X'4175746F6D6F62696C6573204E6F205644204E616D65',NULL,NULL,NULL,NULL,NULL,800800),
	(800826,800820,X'56414C5545534554444546494E4954494F4E',X'405F36633833613337322D613138612D343533302D626632302D386431323331336366656561',X'70726F7065727479',X'7465787475616C50726573656E746174696F6E',NULL,NULL,NULL,NULL,NULL,NULL,X'4175746F6D6F62696C65732050726F7065727479205265666572656E63652054657374',NULL,NULL,NULL,NULL,NULL,800827),
	(800853,800847,X'56414C5545534554444546494E4954494F4E',X'405F30326461653539312D356435642D343363352D383230642D306339653637393863633230',X'70726F7065727479',X'7465787475616C50726573656E746174696F6E',NULL,NULL,NULL,NULL,NULL,NULL,X'446F6D6573746963204175746F204D616B657273',NULL,NULL,NULL,NULL,NULL,800854),
	(800880,800874,X'56414C5545534554444546494E4954494F4E',X'405F33303731303861302D653635662D346533392D393030322D356661643037633231386435',X'70726F7065727479',X'7465787475616C50726573656E746174696F6E',NULL,NULL,NULL,NULL,NULL,NULL,X'446F6D6573746963204175746F204D616B657273204C6F6E67204E616D65',NULL,NULL,NULL,NULL,NULL,800881),
	(800907,800901,X'56414C5545534554444546494E4954494F4E',X'405F66363530626330642D363835342D343964302D383535342D333166326565333139663833',X'70726F7065727479',X'7465787475616C50726573656E746174696F6E',NULL,NULL,NULL,NULL,NULL,NULL,X'446F6D6573746963204175746F204D616B65727320414E4420474D',NULL,NULL,NULL,NULL,NULL,800908),
	(800934,800928,X'56414C5545534554444546494E4954494F4E',X'405F63656437356262312D323335392D346666382D613436302D383135343538643037323962',X'70726F7065727479',X'7465787475616C50726573656E746174696F6E',NULL,NULL,NULL,NULL,NULL,NULL,X'446F6D6573746963204175746F204D616B65727320414E4420474D31',NULL,NULL,NULL,NULL,NULL,800935),
	(800959,800955,X'56414C5545534554444546494E4954494F4E',X'405F65663438636130322D363335622D346639652D626162332D623732323237326565356565',X'70726F7065727479',X'7465787475616C50726573656E746174696F6E',NULL,NULL,NULL,NULL,NULL,NULL,X'474D',NULL,NULL,NULL,NULL,NULL,800960),
	(800984,800980,X'56414C5545534554444546494E4954494F4E',X'405F64353732666339622D373564332D346563372D383664302D386535313838383733393866',X'70726F7065727479',X'7465787475616C50726573656E746174696F6E',NULL,NULL,NULL,NULL,NULL,NULL,X'474D204F6E6C79',NULL,NULL,NULL,NULL,NULL,800985),
	(801009,801005,X'56414C5545534554444546494E4954494F4E',X'405F63366562316665312D623664312D343135612D383132372D626436393262323863326133',X'70726F7065727479',X'7465787475616C50726573656E746174696F6E',NULL,NULL,NULL,NULL,NULL,NULL,X'474D204F6E6C79',NULL,NULL,NULL,NULL,NULL,801010),
	(801034,801030,X'56414C5545534554444546494E4954494F4E',X'405F65316332306135322D656164342D343737302D616634372D356331623532626261626265',X'70726F7065727479',X'7465787475616C50726573656E746174696F6E',NULL,NULL,NULL,NULL,NULL,NULL,X'466F7264',NULL,NULL,NULL,NULL,NULL,801035),
	(801059,801055,X'56414C5545534554444546494E4954494F4E',X'405F38393063646238302D643336302D343662652D623830392D613232363436663863386230',X'70726F7065727479',X'7465787475616C50726573656E746174696F6E',NULL,NULL,NULL,NULL,NULL,NULL,X'446F6D6573746963204C656166204F6E6C79',NULL,NULL,NULL,NULL,NULL,801060),
	(801084,801080,X'56414C5545534554444546494E4954494F4E',X'405F33313964303531362D356433612D346562622D623337612D653161366664343637303635',X'70726F7065727479',X'7465787475616C50726573656E746174696F6E',NULL,NULL,NULL,NULL,NULL,NULL,X'416C6C204175746F6D6F62696C6573206E6F646573',NULL,NULL,NULL,NULL,NULL,801085),
	(801127,801123,X'56414C5545534554444546494E4954494F4E',X'405F37393362373034332D303062312D346135612D386537632D656431373537333235646337',X'70726F7065727479',X'7465787475616C50726573656E746174696F6E',NULL,NULL,NULL,NULL,NULL,NULL,X'6D6963726F6269616C20737472756374757265206F6E746F6C6F6779',NULL,NULL,NULL,NULL,NULL,801128),
	(801152,801148,X'56414C5545534554444546494E4954494F4E',X'405F66336364633632372D656631612D346163642D623266322D653062666332653164646334',X'70726F7065727479',X'7465787475616C50726573656E746174696F6E',NULL,NULL,NULL,NULL,NULL,NULL,X'6D6963726F6269616C20737472756374757265206F6E746F6C6F6779206C656166206F6E6C79',NULL,NULL,NULL,NULL,NULL,801153),
	(801177,801173,X'56414C5545534554444546494E4954494F4E',X'405F32626463316537632D643364612D343965342D393838342D343735343031666562333065',X'70726F7065727479',X'7465787475616C50726573656E746174696F6E',NULL,NULL,NULL,NULL,NULL,NULL,X'6879706861206F6E746F6C6F6779206C656166206F6E6C79',NULL,NULL,NULL,NULL,NULL,801178),
	(801202,801198,X'56414C5545534554444546494E4954494F4E',X'405F35306636326537322D316165612D346432302D623536322D626464653661316533356132',X'70726F7065727479',X'7465787475616C50726573656E746174696F6E',NULL,NULL,NULL,NULL,NULL,NULL,X'687970686120696E206D7963656C69756D',NULL,NULL,NULL,NULL,NULL,801203),
	(801227,801223,X'56414C5545534554444546494E4954494F4E',X'405F33383439343633622D373530362D346566352D393961392D363635396134326437616561',X'70726F7065727479',X'7465787475616C50726573656E746174696F6E',NULL,NULL,NULL,NULL,NULL,NULL,X'687970686120696E206D7963656C69756D',NULL,NULL,NULL,NULL,NULL,801228),
	(801254,801248,X'56414C5545534554444546494E4954494F4E',X'405F63383437653362642D383235302D343237352D626333612D646431363339646665333161',X'70726F7065727479',X'7465787475616C50726573656E746174696F6E',NULL,NULL,NULL,NULL,NULL,NULL,X'6D6963726F6269616C20737472756374757265206F6E746F6C6F677920414E44204879706861496E4D7963656C69756D',NULL,NULL,NULL,NULL,NULL,801255),
	(803881,803877,X'56414C5545534554444546494E4954494F4E',X'405F32356139613330302D306365342D346235642D623162612D613931323931383264373531',X'70726F7065727479',X'7465787475616C50726573656E746174696F6E',NULL,NULL,NULL,NULL,NULL,NULL,X'56657279205369636B2043616E6365722050617469656E7473',NULL,NULL,NULL,NULL,NULL,803882);

/*!40000 ALTER TABLE `lbvsProperty` ENABLE KEYS */;
UNLOCK TABLES;


# Dump of table lbvsPropertyMultiAttrib
# ------------------------------------------------------------

DROP TABLE IF EXISTS `lbvsPropertyMultiAttrib`;

CREATE TABLE `lbvsPropertyMultiAttrib` (
  `vsPropMultiAttribGuid` bigint(20) NOT NULL,
  `vsPropertyGuid` bigint(20) NOT NULL,
  `attributeType` varchar(30) COLLATE utf8_bin NOT NULL,
  `attributeId` varchar(50) COLLATE utf8_bin DEFAULT NULL,
  `attributeValue` varchar(250) COLLATE utf8_bin NOT NULL,
  `subRef` varchar(250) COLLATE utf8_bin DEFAULT NULL,
  `role` varchar(250) COLLATE utf8_bin DEFAULT NULL,
  `qualifierType` varchar(250) COLLATE utf8_bin DEFAULT NULL,
  `entryStateGuid` bigint(20) DEFAULT NULL,
  PRIMARY KEY (`vsPropMultiAttribGuid`),
  KEY `lbidx_vspm_pid` (`vsPropertyGuid`),
  CONSTRAINT `lbFK_vspm_pid` FOREIGN KEY (`vsPropertyGuid`) REFERENCES `lbvsProperty` (`vsPropertyGuid`) ON DELETE CASCADE
) ENGINE=InnoDB DEFAULT CHARSET=utf8 COLLATE=utf8_bin ROW_FORMAT=DYNAMIC;

LOCK TABLES `lbvsPropertyMultiAttrib` WRITE;
/*!40000 ALTER TABLE `lbvsPropertyMultiAttrib` DISABLE KEYS */;

INSERT INTO `lbvsPropertyMultiAttrib` (`vsPropMultiAttribGuid`, `vsPropertyGuid`, `attributeType`, `attributeId`, `attributeValue`, `subRef`, `role`, `qualifierType`, `entryStateGuid`)
VALUES
	(800699,800696,X'736F75726365',X'736F75726365',X'474D',X'50726F7053756252656631',X'50726F70526F6C6531',NULL,800697),
	(800701,800696,X'736F75726365',X'736F75726365',X'466F7264',X'50726F7053756252656632',X'50726F70526F6C6532',NULL,800697),
	(800702,800696,X'7573616765436F6E74657874',X'7573616765436F6E74657874',X'50726F705573616765436F6E7465787420474D',NULL,NULL,NULL,800697),
	(800703,800696,X'7573616765436F6E74657874',X'7573616765436F6E74657874',X'50726F705573616765436F6E7465787420466F7264',NULL,NULL,NULL,800697),
	(800704,800696,X'7175616C6966696572',X'50726F705175616C314E616D7575757575',X'50726F705175616C56616C756520474D',NULL,NULL,X'505175616C20547970652031',800697),
	(800705,800696,X'7175616C6966696572',X'50726F705175616C324E616D7575757575',X'50726F705175616C56616C756520466F7264',NULL,NULL,X'505175616C20547970652032',800697),
	(801087,801084,X'736F75726365',X'736F75726365',X'474D',X'50726F7053756252656631',X'50726F70526F6C6531',NULL,801085),
	(801089,801084,X'736F75726365',X'736F75726365',X'466F7264',X'50726F7053756252656632',X'50726F70526F6C6532',NULL,801085),
	(801090,801084,X'7573616765436F6E74657874',X'7573616765436F6E74657874',X'50726F705573616765436F6E7465787420474D',NULL,NULL,NULL,801085),
	(801091,801084,X'7573616765436F6E74657874',X'7573616765436F6E74657874',X'50726F705573616765436F6E7465787420466F7264',NULL,NULL,NULL,801085),
	(801092,801084,X'7175616C6966696572',X'50726F705175616C314E616D7575757575',X'50726F705175616C56616C756520474D',NULL,NULL,X'505175616C20547970652031',801085),
	(801093,801084,X'7175616C6966696572',X'50726F705175616C324E616D7575757575',X'50726F705175616C56616C756520466F7264',NULL,NULL,X'505175616C20547970652032',801085),
	(801257,801254,X'736F75726365',X'736F75726365',X'4F424F',X'50726F7053756252656631',X'50726F70526F6C6531',NULL,801255),
	(801259,801254,X'736F75726365',X'736F75726365',X'46756E67616C',X'50726F7053756252656632',X'50726F70526F6C6532',NULL,801255),
	(801260,801254,X'7573616765436F6E74657874',X'7573616765436F6E74657874',X'50726F705573616765436F6E74657874204F424F',NULL,NULL,NULL,801255),
	(801261,801254,X'7573616765436F6E74657874',X'7573616765436F6E74657874',X'50726F705573616765436F6E746578742046756E67616C',NULL,NULL,NULL,801255),
	(801262,801254,X'7175616C6966696572',X'50726F705175616C2041204E616D7575757575',X'50726F705175616C56616C7565204D6963726F6269616C5374727563747572654F6E746F6C6F6779',NULL,NULL,X'705175616C20547970652041',801255),
	(801263,801254,X'7175616C6966696572',X'50726F705175616C2042204E616D7575757575',X'50726F705175616C56616C7565204879706861496E4D7963656C69756D',NULL,NULL,X'705175616C20547970652042',801255);

/*!40000 ALTER TABLE `lbvsPropertyMultiAttrib` ENABLE KEYS */;
UNLOCK TABLES;


# Dump of table lbvsSupportedAttrib
# ------------------------------------------------------------

DROP TABLE IF EXISTS `lbvsSupportedAttrib`;

CREATE TABLE `lbvsSupportedAttrib` (
  `vsSuppAttribGuid` bigint(20) NOT NULL,
  `referenceGuid` bigint(20) NOT NULL,
  `referenceType` varchar(50) COLLATE utf8_bin NOT NULL,
  `supportedAttributeTag` varchar(30) COLLATE utf8_bin NOT NULL,
  `id` varchar(250) COLLATE utf8_bin NOT NULL,
  `uri` varchar(250) COLLATE utf8_bin DEFAULT NULL,
  `idValue` varchar(250) COLLATE utf8_bin DEFAULT NULL,
  `associationNames` varchar(250) COLLATE utf8_bin DEFAULT NULL,
  `rootCode` varchar(250) COLLATE utf8_bin DEFAULT NULL,
  `isForwardNavigable` char(1) COLLATE utf8_bin DEFAULT NULL,
  `isImported` char(1) COLLATE utf8_bin DEFAULT NULL,
  `equivalentCodingScheme` varchar(250) COLLATE utf8_bin DEFAULT NULL,
  `assemblyRule` varchar(250) COLLATE utf8_bin DEFAULT NULL,
  `assnCodingScheme` varchar(250) COLLATE utf8_bin DEFAULT NULL,
  `assnNamespace` varchar(250) COLLATE utf8_bin DEFAULT NULL,
  `assnEntityCode` varchar(200) COLLATE utf8_bin DEFAULT NULL,
  `propertyType` varchar(50) COLLATE utf8_bin DEFAULT NULL,
  PRIMARY KEY (`vsSuppAttribGuid`),
  UNIQUE KEY `lbUQ_vssa_rtid` (`referenceGuid`,`supportedAttributeTag`,`id`),
  KEY `lbidx_vssa_rid` (`referenceGuid`)
) ENGINE=InnoDB DEFAULT CHARSET=utf8 COLLATE=utf8_bin ROW_FORMAT=DYNAMIC;

LOCK TABLES `lbvsSupportedAttrib` WRITE;
/*!40000 ALTER TABLE `lbvsSupportedAttrib` DISABLE KEYS */;

INSERT INTO `lbvsSupportedAttrib` (`vsSuppAttribGuid`, `referenceGuid`, `referenceType`, `supportedAttributeTag`, `id`, `uri`, `idValue`, `associationNames`, `rootCode`, `isForwardNavigable`, `isImported`, `equivalentCodingScheme`, `assemblyRule`, `assnCodingScheme`, `assnNamespace`, `assnEntityCode`, `propertyType`)
VALUES
	(800711,800690,X'56414C5545534554444546494E4954494F4E',X'4173736F63696174696F6E',X'69735F61',X'75726E3A6C7369643A62696F6F6E746F6C6F67792E6F72673A66756E67616C5F616E61746F6D793A69735F61',X'69735F61',NULL,NULL,NULL,NULL,NULL,NULL,NULL,NULL,NULL,NULL),
	(800712,800690,X'56414C5545534554444546494E4954494F4E',X'4173736F63696174696F6E',X'68617353756274797065',X'75726E3A6F69643A312E332E362E312E342E312E323131342E3130382E312E382E31',X'68617353756274797065',NULL,NULL,NULL,NULL,NULL,NULL,NULL,NULL,NULL,NULL),
	(800713,800690,X'56414C5545534554444546494E4954494F4E',X'4173736F63696174696F6E',X'75736573',X'75726E3A6F69643A31312E31312E302E31',X'75736573',NULL,NULL,NULL,NULL,NULL,NULL,NULL,NULL,NULL,NULL),
	(800714,800690,X'56414C5545534554444546494E4954494F4E',X'4173736F63696174696F6E5175616C6966696572',X'686173456E67696E65',X'7777772E736F6D657468696E672E636F6D',X'686173456E67696E65',NULL,NULL,NULL,NULL,NULL,NULL,NULL,NULL,NULL,NULL),
	(800715,800690,X'56414C5545534554444546494E4954494F4E',X'436F64696E67536368656D65',X'4175746F6D6F62696C6573',X'75726E3A6F69643A31312E31312E302E31',X'4175746F6D6F62696C6573',NULL,NULL,NULL,X'31',NULL,NULL,NULL,NULL,NULL,NULL),
	(800716,800690,X'56414C5545534554444546494E4954494F4E',X'436F64696E67536368656D65',X'66756E67616C5F616E61746F6D79',X'75726E3A6C7369643A62696F6F6E746F6C6F67792E6F72673A66756E67616C5F616E61746F6D79',X'66756E67616C5F616E61746F6D79',NULL,NULL,NULL,X'31',NULL,NULL,NULL,NULL,NULL,NULL),
	(800717,800690,X'56414C5545534554444546494E4954494F4E',X'436F64696E67536368656D65',X'457870656E6461626C655061727473',X'75726E3A6F69643A31312E31312E302E3530',X'457870656E6461626C65205061727473',NULL,NULL,NULL,X'31',NULL,NULL,NULL,NULL,NULL,NULL),
	(800718,800690,X'56414C5545534554444546494E4954494F4E',X'436F64696E67536368656D65',X'4765726D616E4D6164655061727473',X'75726E3A6F69643A31312E31312E302E32',X'4765726D616E204D616465205061727473',NULL,NULL,NULL,X'31',NULL,NULL,NULL,NULL,NULL,NULL),
	(800719,800690,X'56414C5545534554444546494E4954494F4E',X'4461746154797065',X'7465737468746D6C',NULL,X'746573742F68746D6C',NULL,NULL,NULL,NULL,NULL,NULL,NULL,NULL,NULL,NULL),
	(800720,800690,X'56414C5545534554444546494E4954494F4E',X'4461746154797065',X'74657874706C61696E',NULL,X'746578742F706C61696E',NULL,NULL,NULL,NULL,NULL,NULL,NULL,NULL,NULL,NULL),
	(800721,800690,X'56414C5545534554444546494E4954494F4E',X'486965726172636879',X'69735F61',NULL,X'68617353756274797065',X'68617353756274797065',X'40',X'31',NULL,NULL,NULL,NULL,NULL,NULL,NULL),
	(800722,800690,X'56414C5545534554444546494E4954494F4E',X'4C616E6775616765',X'656E',X'7777772E656E2E6F72672F6F72736F6D657468696E67',X'656E',NULL,NULL,NULL,NULL,NULL,NULL,NULL,NULL,NULL,NULL),
	(800723,800690,X'56414C5545534554444546494E4954494F4E',X'4E616D657370616365',X'4175746F6D6F62696C6573',X'75726E3A6F69643A31312E31312E302E31',X'4175746F6D6F62696C6573',NULL,NULL,NULL,NULL,X'4175746F6D6F62696C6573',NULL,NULL,NULL,NULL,NULL),
	(800724,800690,X'56414C5545534554444546494E4954494F4E',X'4E616D657370616365',X'457870656E6461626C655061727473',X'75726E3A6F69643A31312E31312E302E3530',X'457870656E6461626C65205061727473',NULL,NULL,NULL,NULL,X'457870656E6461626C655061727473',NULL,NULL,NULL,NULL,NULL),
	(800725,800690,X'56414C5545534554444546494E4954494F4E',X'4E616D657370616365',X'4765726D616E4D61646550617274734E616D657370616365',X'75726E3A6F69643A31312E31312E302E32',X'4765726D616E204D616465205061727473',NULL,NULL,NULL,NULL,X'4765726D616E4D6164655061727473',NULL,NULL,NULL,NULL,NULL),
	(800726,800690,X'56414C5545534554444546494E4954494F4E',X'50726F7065727479',X'646566696E6974696F6E',NULL,X'646566696E6974696F6E',NULL,NULL,NULL,NULL,NULL,NULL,NULL,NULL,NULL,NULL),
	(800727,800690,X'56414C5545534554444546494E4954494F4E',X'50726F7065727479',X'7465787475616C50726573656E746174696F6E',NULL,X'7465787475616C50726573656E746174696F6E',NULL,NULL,NULL,NULL,NULL,NULL,NULL,NULL,NULL,NULL),
	(800728,800690,X'56414C5545534554444546494E4954494F4E',X'536F75726365',X'6C6578677269642E6F7267',NULL,X'6C6578677269642E6F7267',NULL,NULL,NULL,NULL,NULL,NULL,NULL,NULL,NULL,NULL),
	(800729,800690,X'56414C5545534554444546494E4954494F4E',X'536F75726365',X'5F313131313031',NULL,X'31312E31312E302E31',NULL,NULL,NULL,NULL,NULL,NULL,NULL,NULL,NULL,NULL),
	(800731,800690,X'56414C5545534554444546494E4954494F4E',X'436F6E74657874',X'4175746F6D6F62696C6573',NULL,X'4175746F6D6F62696C6573',NULL,NULL,NULL,NULL,NULL,NULL,NULL,NULL,NULL,NULL),
	(800732,800690,X'56414C5545534554444546494E4954494F4E',X'436F6E74657874',X'466F7264',NULL,X'466F7264',NULL,NULL,NULL,NULL,NULL,NULL,NULL,NULL,NULL,NULL),
	(800733,800690,X'56414C5545534554444546494E4954494F4E',X'436F6E74657874',X'474D',NULL,X'474D',NULL,NULL,NULL,NULL,NULL,NULL,NULL,NULL,NULL,NULL),
	(800734,800690,X'56414C5545534554444546494E4954494F4E',X'536F75726365',X'474D',NULL,X'474D',NULL,NULL,NULL,NULL,NULL,NULL,NULL,NULL,NULL,NULL),
	(800735,800690,X'56414C5545534554444546494E4954494F4E',X'536F75726365',X'466F7264',NULL,X'466F7264',NULL,NULL,NULL,NULL,NULL,NULL,NULL,NULL,NULL,NULL),
	(800736,800690,X'56414C5545534554444546494E4954494F4E',X'436F6E63657074446F6D61696E',X'4175746F73',NULL,X'4175746F73',NULL,NULL,NULL,NULL,NULL,NULL,NULL,NULL,NULL,NULL),
	(800746,800740,X'56414C5545534554444546494E4954494F4E',X'4173736F63696174696F6E',X'69735F61',X'75726E3A6C7369643A62696F6F6E746F6C6F67792E6F72673A66756E67616C5F616E61746F6D793A69735F61',X'69735F61',NULL,NULL,NULL,NULL,NULL,NULL,NULL,NULL,NULL,NULL),
	(800747,800740,X'56414C5545534554444546494E4954494F4E',X'4173736F63696174696F6E',X'68617353756274797065',X'75726E3A6F69643A312E332E362E312E342E312E323131342E3130382E312E382E31',X'68617353756274797065',NULL,NULL,NULL,NULL,NULL,NULL,NULL,NULL,NULL,NULL),
	(800748,800740,X'56414C5545534554444546494E4954494F4E',X'4173736F63696174696F6E',X'75736573',X'75726E3A6F69643A31312E31312E302E31',X'75736573',NULL,NULL,NULL,NULL,NULL,NULL,NULL,NULL,NULL,NULL),
	(800749,800740,X'56414C5545534554444546494E4954494F4E',X'4173736F63696174696F6E5175616C6966696572',X'686173456E67696E65',X'7777772E736F6D657468696E672E636F6D',X'686173456E67696E65',NULL,NULL,NULL,NULL,NULL,NULL,NULL,NULL,NULL,NULL),
	(800750,800740,X'56414C5545534554444546494E4954494F4E',X'436F64696E67536368656D65',X'4175746F6D6F62696C6573',X'75726E3A6F69643A31312E31312E302E31',X'4175746F6D6F62696C6573',NULL,NULL,NULL,X'31',NULL,NULL,NULL,NULL,NULL,NULL),
	(800751,800740,X'56414C5545534554444546494E4954494F4E',X'436F64696E67536368656D65',X'66756E67616C5F616E61746F6D79',X'75726E3A6C7369643A62696F6F6E746F6C6F67792E6F72673A66756E67616C5F616E61746F6D79',X'66756E67616C5F616E61746F6D79',NULL,NULL,NULL,X'31',NULL,NULL,NULL,NULL,NULL,NULL),
	(800752,800740,X'56414C5545534554444546494E4954494F4E',X'436F64696E67536368656D65',X'457870656E6461626C655061727473',X'75726E3A6F69643A31312E31312E302E3530',X'457870656E6461626C65205061727473',NULL,NULL,NULL,X'31',NULL,NULL,NULL,NULL,NULL,NULL),
	(800753,800740,X'56414C5545534554444546494E4954494F4E',X'436F64696E67536368656D65',X'4765726D616E4D6164655061727473',X'75726E3A6F69643A31312E31312E302E32',X'4765726D616E204D616465205061727473',NULL,NULL,NULL,X'31',NULL,NULL,NULL,NULL,NULL,NULL),
	(800754,800740,X'56414C5545534554444546494E4954494F4E',X'4461746154797065',X'7465737468746D6C',NULL,X'746573742F68746D6C',NULL,NULL,NULL,NULL,NULL,NULL,NULL,NULL,NULL,NULL),
	(800755,800740,X'56414C5545534554444546494E4954494F4E',X'4461746154797065',X'74657874706C61696E',NULL,X'746578742F706C61696E',NULL,NULL,NULL,NULL,NULL,NULL,NULL,NULL,NULL,NULL),
	(800756,800740,X'56414C5545534554444546494E4954494F4E',X'486965726172636879',X'69735F61',NULL,X'68617353756274797065',X'68617353756274797065',X'40',X'31',NULL,NULL,NULL,NULL,NULL,NULL,NULL),
	(800757,800740,X'56414C5545534554444546494E4954494F4E',X'4C616E6775616765',X'656E',X'7777772E656E2E6F72672F6F72736F6D657468696E67',X'656E',NULL,NULL,NULL,NULL,NULL,NULL,NULL,NULL,NULL,NULL),
	(800758,800740,X'56414C5545534554444546494E4954494F4E',X'4E616D657370616365',X'4175746F6D6F62696C6573',X'75726E3A6F69643A31312E31312E302E31',X'4175746F6D6F62696C6573',NULL,NULL,NULL,NULL,X'4175746F6D6F62696C6573',NULL,NULL,NULL,NULL,NULL),
	(800759,800740,X'56414C5545534554444546494E4954494F4E',X'4E616D657370616365',X'457870656E6461626C655061727473',X'75726E3A6F69643A31312E31312E302E3530',X'457870656E6461626C65205061727473',NULL,NULL,NULL,NULL,X'457870656E6461626C655061727473',NULL,NULL,NULL,NULL,NULL),
	(800760,800740,X'56414C5545534554444546494E4954494F4E',X'4E616D657370616365',X'4765726D616E4D61646550617274734E616D657370616365',X'75726E3A6F69643A31312E31312E302E32',X'4765726D616E204D616465205061727473',NULL,NULL,NULL,NULL,X'4765726D616E4D6164655061727473',NULL,NULL,NULL,NULL,NULL),
	(800761,800740,X'56414C5545534554444546494E4954494F4E',X'50726F7065727479',X'646566696E6974696F6E',NULL,X'646566696E6974696F6E',NULL,NULL,NULL,NULL,NULL,NULL,NULL,NULL,NULL,NULL),
	(800762,800740,X'56414C5545534554444546494E4954494F4E',X'50726F7065727479',X'7465787475616C50726573656E746174696F6E',NULL,X'7465787475616C50726573656E746174696F6E',NULL,NULL,NULL,NULL,NULL,NULL,NULL,NULL,NULL,NULL),
	(800763,800740,X'56414C5545534554444546494E4954494F4E',X'536F75726365',X'6C6578677269642E6F7267',NULL,X'6C6578677269642E6F7267',NULL,NULL,NULL,NULL,NULL,NULL,NULL,NULL,NULL,NULL),
	(800764,800740,X'56414C5545534554444546494E4954494F4E',X'536F75726365',X'5F313131313031',NULL,X'31312E31312E302E31',NULL,NULL,NULL,NULL,NULL,NULL,NULL,NULL,NULL,NULL),
	(800766,800740,X'56414C5545534554444546494E4954494F4E',X'436F6E74657874',X'474D',NULL,X'474D',NULL,NULL,NULL,NULL,NULL,NULL,NULL,NULL,NULL,NULL),
	(800767,800740,X'56414C5545534554444546494E4954494F4E',X'436F6E63657074446F6D61696E',X'4175746F73',NULL,X'4175746F73',NULL,NULL,NULL,NULL,NULL,NULL,NULL,NULL,NULL,NULL),
	(800774,800768,X'56414C5545534554444546494E4954494F4E',X'4173736F63696174696F6E',X'69735F61',X'75726E3A6C7369643A62696F6F6E746F6C6F67792E6F72673A66756E67616C5F616E61746F6D793A69735F61',X'69735F61',NULL,NULL,NULL,NULL,NULL,NULL,NULL,NULL,NULL,NULL),
	(800775,800768,X'56414C5545534554444546494E4954494F4E',X'4173736F63696174696F6E',X'68617353756274797065',X'75726E3A6F69643A312E332E362E312E342E312E323131342E3130382E312E382E31',X'68617353756274797065',NULL,NULL,NULL,NULL,NULL,NULL,NULL,NULL,NULL,NULL),
	(800776,800768,X'56414C5545534554444546494E4954494F4E',X'4173736F63696174696F6E',X'75736573',X'75726E3A6F69643A31312E31312E302E31',X'75736573',NULL,NULL,NULL,NULL,NULL,NULL,NULL,NULL,NULL,NULL),
	(800777,800768,X'56414C5545534554444546494E4954494F4E',X'4173736F63696174696F6E5175616C6966696572',X'686173456E67696E65',X'7777772E736F6D657468696E672E636F6D',X'686173456E67696E65',NULL,NULL,NULL,NULL,NULL,NULL,NULL,NULL,NULL,NULL),
	(800778,800768,X'56414C5545534554444546494E4954494F4E',X'436F64696E67536368656D65',X'4175746F6D6F62696C6573',X'75726E3A6F69643A31312E31312E302E31',X'4175746F6D6F62696C6573',NULL,NULL,NULL,X'31',NULL,NULL,NULL,NULL,NULL,NULL),
	(800779,800768,X'56414C5545534554444546494E4954494F4E',X'436F64696E67536368656D65',X'66756E67616C5F616E61746F6D79',X'75726E3A6C7369643A62696F6F6E746F6C6F67792E6F72673A66756E67616C5F616E61746F6D79',X'66756E67616C5F616E61746F6D79',NULL,NULL,NULL,X'31',NULL,NULL,NULL,NULL,NULL,NULL),
	(800780,800768,X'56414C5545534554444546494E4954494F4E',X'436F64696E67536368656D65',X'457870656E6461626C655061727473',X'75726E3A6F69643A31312E31312E302E3530',X'457870656E6461626C65205061727473',NULL,NULL,NULL,X'31',NULL,NULL,NULL,NULL,NULL,NULL),
	(800781,800768,X'56414C5545534554444546494E4954494F4E',X'436F64696E67536368656D65',X'4765726D616E4D6164655061727473',X'75726E3A6F69643A31312E31312E302E32',X'4765726D616E204D616465205061727473',NULL,NULL,NULL,X'31',NULL,NULL,NULL,NULL,NULL,NULL),
	(800782,800768,X'56414C5545534554444546494E4954494F4E',X'4461746154797065',X'7465737468746D6C',NULL,X'746573742F68746D6C',NULL,NULL,NULL,NULL,NULL,NULL,NULL,NULL,NULL,NULL),
	(800783,800768,X'56414C5545534554444546494E4954494F4E',X'4461746154797065',X'74657874706C61696E',NULL,X'746578742F706C61696E',NULL,NULL,NULL,NULL,NULL,NULL,NULL,NULL,NULL,NULL),
	(800784,800768,X'56414C5545534554444546494E4954494F4E',X'486965726172636879',X'69735F61',NULL,X'68617353756274797065',X'68617353756274797065',X'40',X'31',NULL,NULL,NULL,NULL,NULL,NULL,NULL),
	(800785,800768,X'56414C5545534554444546494E4954494F4E',X'4C616E6775616765',X'656E',X'7777772E656E2E6F72672F6F72736F6D657468696E67',X'656E',NULL,NULL,NULL,NULL,NULL,NULL,NULL,NULL,NULL,NULL),
	(800786,800768,X'56414C5545534554444546494E4954494F4E',X'4E616D657370616365',X'4175746F6D6F62696C6573',X'75726E3A6F69643A31312E31312E302E31',X'4175746F6D6F62696C6573',NULL,NULL,NULL,NULL,X'4175746F6D6F62696C6573',NULL,NULL,NULL,NULL,NULL),
	(800787,800768,X'56414C5545534554444546494E4954494F4E',X'4E616D657370616365',X'457870656E6461626C655061727473',X'75726E3A6F69643A31312E31312E302E3530',X'457870656E6461626C65205061727473',NULL,NULL,NULL,NULL,X'457870656E6461626C655061727473',NULL,NULL,NULL,NULL,NULL),
	(800788,800768,X'56414C5545534554444546494E4954494F4E',X'4E616D657370616365',X'4765726D616E4D61646550617274734E616D657370616365',X'75726E3A6F69643A31312E31312E302E32',X'4765726D616E204D616465205061727473',NULL,NULL,NULL,NULL,X'4765726D616E4D6164655061727473',NULL,NULL,NULL,NULL,NULL),
	(800789,800768,X'56414C5545534554444546494E4954494F4E',X'50726F7065727479',X'646566696E6974696F6E',NULL,X'646566696E6974696F6E',NULL,NULL,NULL,NULL,NULL,NULL,NULL,NULL,NULL,NULL),
	(800790,800768,X'56414C5545534554444546494E4954494F4E',X'50726F7065727479',X'7465787475616C50726573656E746174696F6E',NULL,X'7465787475616C50726573656E746174696F6E',NULL,NULL,NULL,NULL,NULL,NULL,NULL,NULL,NULL,NULL),
	(800791,800768,X'56414C5545534554444546494E4954494F4E',X'536F75726365',X'6C6578677269642E6F7267',NULL,X'6C6578677269642E6F7267',NULL,NULL,NULL,NULL,NULL,NULL,NULL,NULL,NULL,NULL),
	(800792,800768,X'56414C5545534554444546494E4954494F4E',X'536F75726365',X'5F313131313031',NULL,X'31312E31312E302E31',NULL,NULL,NULL,NULL,NULL,NULL,NULL,NULL,NULL,NULL),
	(800794,800768,X'56414C5545534554444546494E4954494F4E',X'436F6E63657074446F6D61696E',X'4175746F73',NULL,X'4175746F73',NULL,NULL,NULL,NULL,NULL,NULL,NULL,NULL,NULL,NULL),
	(800801,800795,X'56414C5545534554444546494E4954494F4E',X'4173736F63696174696F6E',X'69735F61',X'75726E3A6C7369643A62696F6F6E746F6C6F67792E6F72673A66756E67616C5F616E61746F6D793A69735F61',X'69735F61',NULL,NULL,NULL,NULL,NULL,NULL,NULL,NULL,NULL,NULL),
	(800802,800795,X'56414C5545534554444546494E4954494F4E',X'4173736F63696174696F6E',X'68617353756274797065',X'75726E3A6F69643A312E332E362E312E342E312E323131342E3130382E312E382E31',X'68617353756274797065',NULL,NULL,NULL,NULL,NULL,NULL,NULL,NULL,NULL,NULL),
	(800803,800795,X'56414C5545534554444546494E4954494F4E',X'4173736F63696174696F6E',X'75736573',X'75726E3A6F69643A31312E31312E302E31',X'75736573',NULL,NULL,NULL,NULL,NULL,NULL,NULL,NULL,NULL,NULL),
	(800804,800795,X'56414C5545534554444546494E4954494F4E',X'4173736F63696174696F6E5175616C6966696572',X'686173456E67696E65',X'7777772E736F6D657468696E672E636F6D',X'686173456E67696E65',NULL,NULL,NULL,NULL,NULL,NULL,NULL,NULL,NULL,NULL),
	(800805,800795,X'56414C5545534554444546494E4954494F4E',X'436F64696E67536368656D65',X'4175746F6D6F62696C6573',X'75726E3A6F69643A31312E31312E302E31',X'4175746F6D6F62696C6573',NULL,NULL,NULL,X'31',NULL,NULL,NULL,NULL,NULL,NULL),
	(800806,800795,X'56414C5545534554444546494E4954494F4E',X'436F64696E67536368656D65',X'66756E67616C5F616E61746F6D79',X'75726E3A6C7369643A62696F6F6E746F6C6F67792E6F72673A66756E67616C5F616E61746F6D79',X'66756E67616C5F616E61746F6D79',NULL,NULL,NULL,X'31',NULL,NULL,NULL,NULL,NULL,NULL),
	(800807,800795,X'56414C5545534554444546494E4954494F4E',X'436F64696E67536368656D65',X'457870656E6461626C655061727473',X'75726E3A6F69643A31312E31312E302E3530',X'457870656E6461626C65205061727473',NULL,NULL,NULL,X'31',NULL,NULL,NULL,NULL,NULL,NULL),
	(800808,800795,X'56414C5545534554444546494E4954494F4E',X'436F64696E67536368656D65',X'4765726D616E4D6164655061727473',X'75726E3A6F69643A31312E31312E302E32',X'4765726D616E204D616465205061727473',NULL,NULL,NULL,X'31',NULL,NULL,NULL,NULL,NULL,NULL),
	(800809,800795,X'56414C5545534554444546494E4954494F4E',X'4461746154797065',X'7465737468746D6C',NULL,X'746573742F68746D6C',NULL,NULL,NULL,NULL,NULL,NULL,NULL,NULL,NULL,NULL),
	(800810,800795,X'56414C5545534554444546494E4954494F4E',X'4461746154797065',X'74657874706C61696E',NULL,X'746578742F706C61696E',NULL,NULL,NULL,NULL,NULL,NULL,NULL,NULL,NULL,NULL),
	(800811,800795,X'56414C5545534554444546494E4954494F4E',X'486965726172636879',X'69735F61',NULL,X'68617353756274797065',X'68617353756274797065',X'40',X'31',NULL,NULL,NULL,NULL,NULL,NULL,NULL),
	(800812,800795,X'56414C5545534554444546494E4954494F4E',X'4C616E6775616765',X'656E',X'7777772E656E2E6F72672F6F72736F6D657468696E67',X'656E',NULL,NULL,NULL,NULL,NULL,NULL,NULL,NULL,NULL,NULL),
	(800813,800795,X'56414C5545534554444546494E4954494F4E',X'4E616D657370616365',X'4175746F6D6F62696C6573',X'75726E3A6F69643A31312E31312E302E31',X'4175746F6D6F62696C6573',NULL,NULL,NULL,NULL,X'4175746F6D6F62696C6573',NULL,NULL,NULL,NULL,NULL),
	(800814,800795,X'56414C5545534554444546494E4954494F4E',X'4E616D657370616365',X'457870656E6461626C655061727473',X'75726E3A6F69643A31312E31312E302E3530',X'457870656E6461626C65205061727473',NULL,NULL,NULL,NULL,X'457870656E6461626C655061727473',NULL,NULL,NULL,NULL,NULL),
	(800815,800795,X'56414C5545534554444546494E4954494F4E',X'4E616D657370616365',X'4765726D616E4D61646550617274734E616D657370616365',X'75726E3A6F69643A31312E31312E302E32',X'4765726D616E204D616465205061727473',NULL,NULL,NULL,NULL,X'4765726D616E4D6164655061727473',NULL,NULL,NULL,NULL,NULL),
	(800816,800795,X'56414C5545534554444546494E4954494F4E',X'50726F7065727479',X'646566696E6974696F6E',NULL,X'646566696E6974696F6E',NULL,NULL,NULL,NULL,NULL,NULL,NULL,NULL,NULL,NULL),
	(800817,800795,X'56414C5545534554444546494E4954494F4E',X'50726F7065727479',X'7465787475616C50726573656E746174696F6E',NULL,X'7465787475616C50726573656E746174696F6E',NULL,NULL,NULL,NULL,NULL,NULL,NULL,NULL,NULL,NULL),
	(800818,800795,X'56414C5545534554444546494E4954494F4E',X'536F75726365',X'6C6578677269642E6F7267',NULL,X'6C6578677269642E6F7267',NULL,NULL,NULL,NULL,NULL,NULL,NULL,NULL,NULL,NULL),
	(800819,800795,X'56414C5545534554444546494E4954494F4E',X'536F75726365',X'5F313131313031',NULL,X'31312E31312E302E31',NULL,NULL,NULL,NULL,NULL,NULL,NULL,NULL,NULL,NULL),
	(800828,800820,X'56414C5545534554444546494E4954494F4E',X'4173736F63696174696F6E',X'69735F61',X'75726E3A6C7369643A62696F6F6E746F6C6F67792E6F72673A66756E67616C5F616E61746F6D793A69735F61',X'69735F61',NULL,NULL,NULL,NULL,NULL,NULL,NULL,NULL,NULL,NULL),
	(800829,800820,X'56414C5545534554444546494E4954494F4E',X'4173736F63696174696F6E',X'68617353756274797065',X'75726E3A6F69643A312E332E362E312E342E312E323131342E3130382E312E382E31',X'68617353756274797065',NULL,NULL,NULL,NULL,NULL,NULL,NULL,NULL,NULL,NULL),
	(800830,800820,X'56414C5545534554444546494E4954494F4E',X'4173736F63696174696F6E',X'75736573',X'75726E3A6F69643A31312E31312E302E31',X'75736573',NULL,NULL,NULL,NULL,NULL,NULL,NULL,NULL,NULL,NULL),
	(800831,800820,X'56414C5545534554444546494E4954494F4E',X'4173736F63696174696F6E5175616C6966696572',X'686173456E67696E65',X'7777772E736F6D657468696E672E636F6D',X'686173456E67696E65',NULL,NULL,NULL,NULL,NULL,NULL,NULL,NULL,NULL,NULL),
	(800832,800820,X'56414C5545534554444546494E4954494F4E',X'436F64696E67536368656D65',X'4175746F6D6F62696C6573',X'75726E3A6F69643A31312E31312E302E31',X'4175746F6D6F62696C6573',NULL,NULL,NULL,X'31',NULL,NULL,NULL,NULL,NULL,NULL),
	(800833,800820,X'56414C5545534554444546494E4954494F4E',X'436F64696E67536368656D65',X'66756E67616C5F616E61746F6D79',X'75726E3A6C7369643A62696F6F6E746F6C6F67792E6F72673A66756E67616C5F616E61746F6D79',X'66756E67616C5F616E61746F6D79',NULL,NULL,NULL,X'31',NULL,NULL,NULL,NULL,NULL,NULL),
	(800834,800820,X'56414C5545534554444546494E4954494F4E',X'436F64696E67536368656D65',X'457870656E6461626C655061727473',X'75726E3A6F69643A31312E31312E302E3530',X'457870656E6461626C65205061727473',NULL,NULL,NULL,X'31',NULL,NULL,NULL,NULL,NULL,NULL),
	(800835,800820,X'56414C5545534554444546494E4954494F4E',X'436F64696E67536368656D65',X'4765726D616E4D6164655061727473',X'75726E3A6F69643A31312E31312E302E32',X'4765726D616E204D616465205061727473',NULL,NULL,NULL,X'31',NULL,NULL,NULL,NULL,NULL,NULL),
	(800836,800820,X'56414C5545534554444546494E4954494F4E',X'4461746154797065',X'7465737468746D6C',NULL,X'746573742F68746D6C',NULL,NULL,NULL,NULL,NULL,NULL,NULL,NULL,NULL,NULL),
	(800837,800820,X'56414C5545534554444546494E4954494F4E',X'4461746154797065',X'74657874706C61696E',NULL,X'746578742F706C61696E',NULL,NULL,NULL,NULL,NULL,NULL,NULL,NULL,NULL,NULL),
	(800838,800820,X'56414C5545534554444546494E4954494F4E',X'486965726172636879',X'69735F61',NULL,X'68617353756274797065',X'68617353756274797065',X'40',X'31',NULL,NULL,NULL,NULL,NULL,NULL,NULL),
	(800839,800820,X'56414C5545534554444546494E4954494F4E',X'4C616E6775616765',X'656E',X'7777772E656E2E6F72672F6F72736F6D657468696E67',X'656E',NULL,NULL,NULL,NULL,NULL,NULL,NULL,NULL,NULL,NULL),
	(800840,800820,X'56414C5545534554444546494E4954494F4E',X'4E616D657370616365',X'4175746F6D6F62696C6573',X'75726E3A6F69643A31312E31312E302E31',X'4175746F6D6F62696C6573',NULL,NULL,NULL,NULL,X'4175746F6D6F62696C6573',NULL,NULL,NULL,NULL,NULL),
	(800841,800820,X'56414C5545534554444546494E4954494F4E',X'4E616D657370616365',X'457870656E6461626C655061727473',X'75726E3A6F69643A31312E31312E302E3530',X'457870656E6461626C65205061727473',NULL,NULL,NULL,NULL,X'457870656E6461626C655061727473',NULL,NULL,NULL,NULL,NULL),
	(800842,800820,X'56414C5545534554444546494E4954494F4E',X'4E616D657370616365',X'4765726D616E4D61646550617274734E616D657370616365',X'75726E3A6F69643A31312E31312E302E32',X'4765726D616E204D616465205061727473',NULL,NULL,NULL,NULL,X'4765726D616E4D6164655061727473',NULL,NULL,NULL,NULL,NULL),
	(800843,800820,X'56414C5545534554444546494E4954494F4E',X'50726F7065727479',X'646566696E6974696F6E',NULL,X'646566696E6974696F6E',NULL,NULL,NULL,NULL,NULL,NULL,NULL,NULL,NULL,NULL),
	(800844,800820,X'56414C5545534554444546494E4954494F4E',X'50726F7065727479',X'7465787475616C50726573656E746174696F6E',NULL,X'7465787475616C50726573656E746174696F6E',NULL,NULL,NULL,NULL,NULL,NULL,NULL,NULL,NULL,NULL),
	(800845,800820,X'56414C5545534554444546494E4954494F4E',X'536F75726365',X'6C6578677269642E6F7267',NULL,X'6C6578677269642E6F7267',NULL,NULL,NULL,NULL,NULL,NULL,NULL,NULL,NULL,NULL),
	(800846,800820,X'56414C5545534554444546494E4954494F4E',X'536F75726365',X'5F313131313031',NULL,X'31312E31312E302E31',NULL,NULL,NULL,NULL,NULL,NULL,NULL,NULL,NULL,NULL),
	(800855,800847,X'56414C5545534554444546494E4954494F4E',X'4173736F63696174696F6E',X'69735F61',X'75726E3A6C7369643A62696F6F6E746F6C6F67792E6F72673A66756E67616C5F616E61746F6D793A69735F61',X'69735F61',NULL,NULL,NULL,NULL,NULL,NULL,NULL,NULL,NULL,NULL),
	(800856,800847,X'56414C5545534554444546494E4954494F4E',X'4173736F63696174696F6E',X'68617353756274797065',X'75726E3A6F69643A312E332E362E312E342E312E323131342E3130382E312E382E31',X'68617353756274797065',NULL,NULL,NULL,NULL,NULL,NULL,NULL,NULL,NULL,NULL),
	(800857,800847,X'56414C5545534554444546494E4954494F4E',X'4173736F63696174696F6E',X'75736573',X'75726E3A6F69643A31312E31312E302E31',X'75736573',NULL,NULL,NULL,NULL,NULL,NULL,NULL,NULL,NULL,NULL),
	(800858,800847,X'56414C5545534554444546494E4954494F4E',X'4173736F63696174696F6E5175616C6966696572',X'686173456E67696E65',X'7777772E736F6D657468696E672E636F6D',X'686173456E67696E65',NULL,NULL,NULL,NULL,NULL,NULL,NULL,NULL,NULL,NULL),
	(800859,800847,X'56414C5545534554444546494E4954494F4E',X'436F64696E67536368656D65',X'4175746F6D6F62696C6573',X'75726E3A6F69643A31312E31312E302E31',X'4175746F6D6F62696C6573',NULL,NULL,NULL,X'31',NULL,NULL,NULL,NULL,NULL,NULL),
	(800860,800847,X'56414C5545534554444546494E4954494F4E',X'436F64696E67536368656D65',X'66756E67616C5F616E61746F6D79',X'75726E3A6C7369643A62696F6F6E746F6C6F67792E6F72673A66756E67616C5F616E61746F6D79',X'66756E67616C5F616E61746F6D79',NULL,NULL,NULL,X'31',NULL,NULL,NULL,NULL,NULL,NULL),
	(800861,800847,X'56414C5545534554444546494E4954494F4E',X'436F64696E67536368656D65',X'457870656E6461626C655061727473',X'75726E3A6F69643A31312E31312E302E3530',X'457870656E6461626C65205061727473',NULL,NULL,NULL,X'31',NULL,NULL,NULL,NULL,NULL,NULL),
	(800862,800847,X'56414C5545534554444546494E4954494F4E',X'436F64696E67536368656D65',X'4765726D616E4D6164655061727473',X'75726E3A6F69643A31312E31312E302E32',X'4765726D616E204D616465205061727473',NULL,NULL,NULL,X'31',NULL,NULL,NULL,NULL,NULL,NULL),
	(800863,800847,X'56414C5545534554444546494E4954494F4E',X'4461746154797065',X'7465737468746D6C',NULL,X'746573742F68746D6C',NULL,NULL,NULL,NULL,NULL,NULL,NULL,NULL,NULL,NULL),
	(800864,800847,X'56414C5545534554444546494E4954494F4E',X'4461746154797065',X'74657874706C61696E',NULL,X'746578742F706C61696E',NULL,NULL,NULL,NULL,NULL,NULL,NULL,NULL,NULL,NULL),
	(800865,800847,X'56414C5545534554444546494E4954494F4E',X'486965726172636879',X'69735F61',NULL,X'68617353756274797065',X'68617353756274797065',X'40',X'31',NULL,NULL,NULL,NULL,NULL,NULL,NULL),
	(800866,800847,X'56414C5545534554444546494E4954494F4E',X'4C616E6775616765',X'656E',X'7777772E656E2E6F72672F6F72736F6D657468696E67',X'656E',NULL,NULL,NULL,NULL,NULL,NULL,NULL,NULL,NULL,NULL),
	(800867,800847,X'56414C5545534554444546494E4954494F4E',X'4E616D657370616365',X'4175746F6D6F62696C6573',X'75726E3A6F69643A31312E31312E302E31',X'4175746F6D6F62696C6573',NULL,NULL,NULL,NULL,X'4175746F6D6F62696C6573',NULL,NULL,NULL,NULL,NULL),
	(800868,800847,X'56414C5545534554444546494E4954494F4E',X'4E616D657370616365',X'457870656E6461626C655061727473',X'75726E3A6F69643A31312E31312E302E3530',X'457870656E6461626C65205061727473',NULL,NULL,NULL,NULL,X'457870656E6461626C655061727473',NULL,NULL,NULL,NULL,NULL),
	(800869,800847,X'56414C5545534554444546494E4954494F4E',X'4E616D657370616365',X'4765726D616E4D61646550617274734E616D657370616365',X'75726E3A6F69643A31312E31312E302E32',X'4765726D616E204D616465205061727473',NULL,NULL,NULL,NULL,X'4765726D616E4D6164655061727473',NULL,NULL,NULL,NULL,NULL),
	(800870,800847,X'56414C5545534554444546494E4954494F4E',X'50726F7065727479',X'646566696E6974696F6E',NULL,X'646566696E6974696F6E',NULL,NULL,NULL,NULL,NULL,NULL,NULL,NULL,NULL,NULL),
	(800871,800847,X'56414C5545534554444546494E4954494F4E',X'50726F7065727479',X'7465787475616C50726573656E746174696F6E',NULL,X'7465787475616C50726573656E746174696F6E',NULL,NULL,NULL,NULL,NULL,NULL,NULL,NULL,NULL,NULL),
	(800872,800847,X'56414C5545534554444546494E4954494F4E',X'536F75726365',X'6C6578677269642E6F7267',NULL,X'6C6578677269642E6F7267',NULL,NULL,NULL,NULL,NULL,NULL,NULL,NULL,NULL,NULL),
	(800873,800847,X'56414C5545534554444546494E4954494F4E',X'536F75726365',X'5F313131313031',NULL,X'31312E31312E302E31',NULL,NULL,NULL,NULL,NULL,NULL,NULL,NULL,NULL,NULL),
	(800882,800874,X'56414C5545534554444546494E4954494F4E',X'4173736F63696174696F6E',X'69735F61',X'75726E3A6C7369643A62696F6F6E746F6C6F67792E6F72673A66756E67616C5F616E61746F6D793A69735F61',X'69735F61',NULL,NULL,NULL,NULL,NULL,NULL,NULL,NULL,NULL,NULL),
	(800883,800874,X'56414C5545534554444546494E4954494F4E',X'4173736F63696174696F6E',X'68617353756274797065',X'75726E3A6F69643A312E332E362E312E342E312E323131342E3130382E312E382E31',X'68617353756274797065',NULL,NULL,NULL,NULL,NULL,NULL,NULL,NULL,NULL,NULL),
	(800884,800874,X'56414C5545534554444546494E4954494F4E',X'4173736F63696174696F6E',X'75736573',X'75726E3A6F69643A31312E31312E302E31',X'75736573',NULL,NULL,NULL,NULL,NULL,NULL,NULL,NULL,NULL,NULL),
	(800885,800874,X'56414C5545534554444546494E4954494F4E',X'4173736F63696174696F6E5175616C6966696572',X'686173456E67696E65',X'7777772E736F6D657468696E672E636F6D',X'686173456E67696E65',NULL,NULL,NULL,NULL,NULL,NULL,NULL,NULL,NULL,NULL),
	(800886,800874,X'56414C5545534554444546494E4954494F4E',X'436F64696E67536368656D65',X'4175746F6D6F62696C6573',X'75726E3A6F69643A31312E31312E302E31',X'4175746F6D6F62696C6573',NULL,NULL,NULL,X'31',NULL,NULL,NULL,NULL,NULL,NULL),
	(800887,800874,X'56414C5545534554444546494E4954494F4E',X'436F64696E67536368656D65',X'66756E67616C5F616E61746F6D79',X'75726E3A6C7369643A62696F6F6E746F6C6F67792E6F72673A66756E67616C5F616E61746F6D79',X'66756E67616C5F616E61746F6D79',NULL,NULL,NULL,X'31',NULL,NULL,NULL,NULL,NULL,NULL),
	(800888,800874,X'56414C5545534554444546494E4954494F4E',X'436F64696E67536368656D65',X'457870656E6461626C655061727473',X'75726E3A6F69643A31312E31312E302E3530',X'457870656E6461626C65205061727473',NULL,NULL,NULL,X'31',NULL,NULL,NULL,NULL,NULL,NULL),
	(800889,800874,X'56414C5545534554444546494E4954494F4E',X'436F64696E67536368656D65',X'4765726D616E4D6164655061727473',X'75726E3A6F69643A31312E31312E302E32',X'4765726D616E204D616465205061727473',NULL,NULL,NULL,X'31',NULL,NULL,NULL,NULL,NULL,NULL),
	(800890,800874,X'56414C5545534554444546494E4954494F4E',X'4461746154797065',X'7465737468746D6C',NULL,X'746573742F68746D6C',NULL,NULL,NULL,NULL,NULL,NULL,NULL,NULL,NULL,NULL),
	(800891,800874,X'56414C5545534554444546494E4954494F4E',X'4461746154797065',X'74657874706C61696E',NULL,X'746578742F706C61696E',NULL,NULL,NULL,NULL,NULL,NULL,NULL,NULL,NULL,NULL),
	(800892,800874,X'56414C5545534554444546494E4954494F4E',X'486965726172636879',X'69735F61',NULL,X'68617353756274797065',X'68617353756274797065',X'40',X'31',NULL,NULL,NULL,NULL,NULL,NULL,NULL),
	(800893,800874,X'56414C5545534554444546494E4954494F4E',X'4C616E6775616765',X'656E',X'7777772E656E2E6F72672F6F72736F6D657468696E67',X'656E',NULL,NULL,NULL,NULL,NULL,NULL,NULL,NULL,NULL,NULL),
	(800894,800874,X'56414C5545534554444546494E4954494F4E',X'4E616D657370616365',X'4175746F6D6F62696C6573',X'75726E3A6F69643A31312E31312E302E31',X'4175746F6D6F62696C6573',NULL,NULL,NULL,NULL,X'4175746F6D6F62696C6573',NULL,NULL,NULL,NULL,NULL),
	(800895,800874,X'56414C5545534554444546494E4954494F4E',X'4E616D657370616365',X'457870656E6461626C655061727473',X'75726E3A6F69643A31312E31312E302E3530',X'457870656E6461626C65205061727473',NULL,NULL,NULL,NULL,X'457870656E6461626C655061727473',NULL,NULL,NULL,NULL,NULL),
	(800896,800874,X'56414C5545534554444546494E4954494F4E',X'4E616D657370616365',X'4765726D616E4D61646550617274734E616D657370616365',X'75726E3A6F69643A31312E31312E302E32',X'4765726D616E204D616465205061727473',NULL,NULL,NULL,NULL,X'4765726D616E4D6164655061727473',NULL,NULL,NULL,NULL,NULL),
	(800897,800874,X'56414C5545534554444546494E4954494F4E',X'50726F7065727479',X'646566696E6974696F6E',NULL,X'646566696E6974696F6E',NULL,NULL,NULL,NULL,NULL,NULL,NULL,NULL,NULL,NULL),
	(800898,800874,X'56414C5545534554444546494E4954494F4E',X'50726F7065727479',X'7465787475616C50726573656E746174696F6E',NULL,X'7465787475616C50726573656E746174696F6E',NULL,NULL,NULL,NULL,NULL,NULL,NULL,NULL,NULL,NULL),
	(800899,800874,X'56414C5545534554444546494E4954494F4E',X'536F75726365',X'6C6578677269642E6F7267',NULL,X'6C6578677269642E6F7267',NULL,NULL,NULL,NULL,NULL,NULL,NULL,NULL,NULL,NULL),
	(800900,800874,X'56414C5545534554444546494E4954494F4E',X'536F75726365',X'5F313131313031',NULL,X'31312E31312E302E31',NULL,NULL,NULL,NULL,NULL,NULL,NULL,NULL,NULL,NULL),
	(800909,800901,X'56414C5545534554444546494E4954494F4E',X'4173736F63696174696F6E',X'69735F61',X'75726E3A6C7369643A62696F6F6E746F6C6F67792E6F72673A66756E67616C5F616E61746F6D793A69735F61',X'69735F61',NULL,NULL,NULL,NULL,NULL,NULL,NULL,NULL,NULL,NULL),
	(800910,800901,X'56414C5545534554444546494E4954494F4E',X'4173736F63696174696F6E',X'68617353756274797065',X'75726E3A6F69643A312E332E362E312E342E312E323131342E3130382E312E382E31',X'68617353756274797065',NULL,NULL,NULL,NULL,NULL,NULL,NULL,NULL,NULL,NULL),
	(800911,800901,X'56414C5545534554444546494E4954494F4E',X'4173736F63696174696F6E',X'75736573',X'75726E3A6F69643A31312E31312E302E31',X'75736573',NULL,NULL,NULL,NULL,NULL,NULL,NULL,NULL,NULL,NULL),
	(800912,800901,X'56414C5545534554444546494E4954494F4E',X'4173736F63696174696F6E5175616C6966696572',X'686173456E67696E65',X'7777772E736F6D657468696E672E636F6D',X'686173456E67696E65',NULL,NULL,NULL,NULL,NULL,NULL,NULL,NULL,NULL,NULL),
	(800913,800901,X'56414C5545534554444546494E4954494F4E',X'436F64696E67536368656D65',X'4175746F6D6F62696C6573',X'75726E3A6F69643A31312E31312E302E31',X'4175746F6D6F62696C6573',NULL,NULL,NULL,X'31',NULL,NULL,NULL,NULL,NULL,NULL),
	(800914,800901,X'56414C5545534554444546494E4954494F4E',X'436F64696E67536368656D65',X'66756E67616C5F616E61746F6D79',X'75726E3A6C7369643A62696F6F6E746F6C6F67792E6F72673A66756E67616C5F616E61746F6D79',X'66756E67616C5F616E61746F6D79',NULL,NULL,NULL,X'31',NULL,NULL,NULL,NULL,NULL,NULL),
	(800915,800901,X'56414C5545534554444546494E4954494F4E',X'436F64696E67536368656D65',X'457870656E6461626C655061727473',X'75726E3A6F69643A31312E31312E302E3530',X'457870656E6461626C65205061727473',NULL,NULL,NULL,X'31',NULL,NULL,NULL,NULL,NULL,NULL),
	(800916,800901,X'56414C5545534554444546494E4954494F4E',X'436F64696E67536368656D65',X'4765726D616E4D6164655061727473',X'75726E3A6F69643A31312E31312E302E32',X'4765726D616E204D616465205061727473',NULL,NULL,NULL,X'31',NULL,NULL,NULL,NULL,NULL,NULL),
	(800917,800901,X'56414C5545534554444546494E4954494F4E',X'4461746154797065',X'7465737468746D6C',NULL,X'746573742F68746D6C',NULL,NULL,NULL,NULL,NULL,NULL,NULL,NULL,NULL,NULL),
	(800918,800901,X'56414C5545534554444546494E4954494F4E',X'4461746154797065',X'74657874706C61696E',NULL,X'746578742F706C61696E',NULL,NULL,NULL,NULL,NULL,NULL,NULL,NULL,NULL,NULL),
	(800919,800901,X'56414C5545534554444546494E4954494F4E',X'486965726172636879',X'69735F61',NULL,X'68617353756274797065',X'68617353756274797065',X'40',X'31',NULL,NULL,NULL,NULL,NULL,NULL,NULL),
	(800920,800901,X'56414C5545534554444546494E4954494F4E',X'4C616E6775616765',X'656E',X'7777772E656E2E6F72672F6F72736F6D657468696E67',X'656E',NULL,NULL,NULL,NULL,NULL,NULL,NULL,NULL,NULL,NULL),
	(800921,800901,X'56414C5545534554444546494E4954494F4E',X'4E616D657370616365',X'4175746F6D6F62696C6573',X'75726E3A6F69643A31312E31312E302E31',X'4175746F6D6F62696C6573',NULL,NULL,NULL,NULL,X'4175746F6D6F62696C6573',NULL,NULL,NULL,NULL,NULL),
	(800922,800901,X'56414C5545534554444546494E4954494F4E',X'4E616D657370616365',X'457870656E6461626C655061727473',X'75726E3A6F69643A31312E31312E302E3530',X'457870656E6461626C65205061727473',NULL,NULL,NULL,NULL,X'457870656E6461626C655061727473',NULL,NULL,NULL,NULL,NULL),
	(800923,800901,X'56414C5545534554444546494E4954494F4E',X'4E616D657370616365',X'4765726D616E4D61646550617274734E616D657370616365',X'75726E3A6F69643A31312E31312E302E32',X'4765726D616E204D616465205061727473',NULL,NULL,NULL,NULL,X'4765726D616E4D6164655061727473',NULL,NULL,NULL,NULL,NULL),
	(800924,800901,X'56414C5545534554444546494E4954494F4E',X'50726F7065727479',X'646566696E6974696F6E',NULL,X'646566696E6974696F6E',NULL,NULL,NULL,NULL,NULL,NULL,NULL,NULL,NULL,NULL),
	(800925,800901,X'56414C5545534554444546494E4954494F4E',X'50726F7065727479',X'7465787475616C50726573656E746174696F6E',NULL,X'7465787475616C50726573656E746174696F6E',NULL,NULL,NULL,NULL,NULL,NULL,NULL,NULL,NULL,NULL),
	(800926,800901,X'56414C5545534554444546494E4954494F4E',X'536F75726365',X'6C6578677269642E6F7267',NULL,X'6C6578677269642E6F7267',NULL,NULL,NULL,NULL,NULL,NULL,NULL,NULL,NULL,NULL),
	(800927,800901,X'56414C5545534554444546494E4954494F4E',X'536F75726365',X'5F313131313031',NULL,X'31312E31312E302E31',NULL,NULL,NULL,NULL,NULL,NULL,NULL,NULL,NULL,NULL),
	(800936,800928,X'56414C5545534554444546494E4954494F4E',X'4173736F63696174696F6E',X'69735F61',X'75726E3A6C7369643A62696F6F6E746F6C6F67792E6F72673A66756E67616C5F616E61746F6D793A69735F61',X'69735F61',NULL,NULL,NULL,NULL,NULL,NULL,NULL,NULL,NULL,NULL),
	(800937,800928,X'56414C5545534554444546494E4954494F4E',X'4173736F63696174696F6E',X'68617353756274797065',X'75726E3A6F69643A312E332E362E312E342E312E323131342E3130382E312E382E31',X'68617353756274797065',NULL,NULL,NULL,NULL,NULL,NULL,NULL,NULL,NULL,NULL),
	(800938,800928,X'56414C5545534554444546494E4954494F4E',X'4173736F63696174696F6E',X'75736573',X'75726E3A6F69643A31312E31312E302E31',X'75736573',NULL,NULL,NULL,NULL,NULL,NULL,NULL,NULL,NULL,NULL),
	(800939,800928,X'56414C5545534554444546494E4954494F4E',X'4173736F63696174696F6E5175616C6966696572',X'686173456E67696E65',X'7777772E736F6D657468696E672E636F6D',X'686173456E67696E65',NULL,NULL,NULL,NULL,NULL,NULL,NULL,NULL,NULL,NULL),
	(800940,800928,X'56414C5545534554444546494E4954494F4E',X'436F64696E67536368656D65',X'4175746F6D6F62696C6573',X'75726E3A6F69643A31312E31312E302E31',X'4175746F6D6F62696C6573',NULL,NULL,NULL,X'31',NULL,NULL,NULL,NULL,NULL,NULL),
	(800941,800928,X'56414C5545534554444546494E4954494F4E',X'436F64696E67536368656D65',X'66756E67616C5F616E61746F6D79',X'75726E3A6C7369643A62696F6F6E746F6C6F67792E6F72673A66756E67616C5F616E61746F6D79',X'66756E67616C5F616E61746F6D79',NULL,NULL,NULL,X'31',NULL,NULL,NULL,NULL,NULL,NULL),
	(800942,800928,X'56414C5545534554444546494E4954494F4E',X'436F64696E67536368656D65',X'457870656E6461626C655061727473',X'75726E3A6F69643A31312E31312E302E3530',X'457870656E6461626C65205061727473',NULL,NULL,NULL,X'31',NULL,NULL,NULL,NULL,NULL,NULL),
	(800943,800928,X'56414C5545534554444546494E4954494F4E',X'436F64696E67536368656D65',X'4765726D616E4D6164655061727473',X'75726E3A6F69643A31312E31312E302E32',X'4765726D616E204D616465205061727473',NULL,NULL,NULL,X'31',NULL,NULL,NULL,NULL,NULL,NULL),
	(800944,800928,X'56414C5545534554444546494E4954494F4E',X'4461746154797065',X'7465737468746D6C',NULL,X'746573742F68746D6C',NULL,NULL,NULL,NULL,NULL,NULL,NULL,NULL,NULL,NULL),
	(800945,800928,X'56414C5545534554444546494E4954494F4E',X'4461746154797065',X'74657874706C61696E',NULL,X'746578742F706C61696E',NULL,NULL,NULL,NULL,NULL,NULL,NULL,NULL,NULL,NULL),
	(800946,800928,X'56414C5545534554444546494E4954494F4E',X'486965726172636879',X'69735F61',NULL,X'68617353756274797065',X'68617353756274797065',X'40',X'31',NULL,NULL,NULL,NULL,NULL,NULL,NULL),
	(800947,800928,X'56414C5545534554444546494E4954494F4E',X'4C616E6775616765',X'656E',X'7777772E656E2E6F72672F6F72736F6D657468696E67',X'656E',NULL,NULL,NULL,NULL,NULL,NULL,NULL,NULL,NULL,NULL),
	(800948,800928,X'56414C5545534554444546494E4954494F4E',X'4E616D657370616365',X'4175746F6D6F62696C6573',X'75726E3A6F69643A31312E31312E302E31',X'4175746F6D6F62696C6573',NULL,NULL,NULL,NULL,X'4175746F6D6F62696C6573',NULL,NULL,NULL,NULL,NULL),
	(800949,800928,X'56414C5545534554444546494E4954494F4E',X'4E616D657370616365',X'457870656E6461626C655061727473',X'75726E3A6F69643A31312E31312E302E3530',X'457870656E6461626C65205061727473',NULL,NULL,NULL,NULL,X'457870656E6461626C655061727473',NULL,NULL,NULL,NULL,NULL),
	(800950,800928,X'56414C5545534554444546494E4954494F4E',X'4E616D657370616365',X'4765726D616E4D61646550617274734E616D657370616365',X'75726E3A6F69643A31312E31312E302E32',X'4765726D616E204D616465205061727473',NULL,NULL,NULL,NULL,X'4765726D616E4D6164655061727473',NULL,NULL,NULL,NULL,NULL),
	(800951,800928,X'56414C5545534554444546494E4954494F4E',X'50726F7065727479',X'646566696E6974696F6E',NULL,X'646566696E6974696F6E',NULL,NULL,NULL,NULL,NULL,NULL,NULL,NULL,NULL,NULL),
	(800952,800928,X'56414C5545534554444546494E4954494F4E',X'50726F7065727479',X'7465787475616C50726573656E746174696F6E',NULL,X'7465787475616C50726573656E746174696F6E',NULL,NULL,NULL,NULL,NULL,NULL,NULL,NULL,NULL,NULL),
	(800953,800928,X'56414C5545534554444546494E4954494F4E',X'536F75726365',X'6C6578677269642E6F7267',NULL,X'6C6578677269642E6F7267',NULL,NULL,NULL,NULL,NULL,NULL,NULL,NULL,NULL,NULL),
	(800954,800928,X'56414C5545534554444546494E4954494F4E',X'536F75726365',X'5F313131313031',NULL,X'31312E31312E302E31',NULL,NULL,NULL,NULL,NULL,NULL,NULL,NULL,NULL,NULL),
	(800961,800955,X'56414C5545534554444546494E4954494F4E',X'4173736F63696174696F6E',X'69735F61',X'75726E3A6C7369643A62696F6F6E746F6C6F67792E6F72673A66756E67616C5F616E61746F6D793A69735F61',X'69735F61',NULL,NULL,NULL,NULL,NULL,NULL,NULL,NULL,NULL,NULL),
	(800962,800955,X'56414C5545534554444546494E4954494F4E',X'4173736F63696174696F6E',X'68617353756274797065',X'75726E3A6F69643A312E332E362E312E342E312E323131342E3130382E312E382E31',X'68617353756274797065',NULL,NULL,NULL,NULL,NULL,NULL,NULL,NULL,NULL,NULL),
	(800963,800955,X'56414C5545534554444546494E4954494F4E',X'4173736F63696174696F6E',X'75736573',X'75726E3A6F69643A31312E31312E302E31',X'75736573',NULL,NULL,NULL,NULL,NULL,NULL,NULL,NULL,NULL,NULL),
	(800964,800955,X'56414C5545534554444546494E4954494F4E',X'4173736F63696174696F6E5175616C6966696572',X'686173456E67696E65',X'7777772E736F6D657468696E672E636F6D',X'686173456E67696E65',NULL,NULL,NULL,NULL,NULL,NULL,NULL,NULL,NULL,NULL),
	(800965,800955,X'56414C5545534554444546494E4954494F4E',X'436F64696E67536368656D65',X'4175746F6D6F62696C6573',X'75726E3A6F69643A31312E31312E302E31',X'4175746F6D6F62696C6573',NULL,NULL,NULL,X'31',NULL,NULL,NULL,NULL,NULL,NULL),
	(800966,800955,X'56414C5545534554444546494E4954494F4E',X'436F64696E67536368656D65',X'66756E67616C5F616E61746F6D79',X'75726E3A6C7369643A62696F6F6E746F6C6F67792E6F72673A66756E67616C5F616E61746F6D79',X'66756E67616C5F616E61746F6D79',NULL,NULL,NULL,X'31',NULL,NULL,NULL,NULL,NULL,NULL),
	(800967,800955,X'56414C5545534554444546494E4954494F4E',X'436F64696E67536368656D65',X'457870656E6461626C655061727473',X'75726E3A6F69643A31312E31312E302E3530',X'457870656E6461626C65205061727473',NULL,NULL,NULL,X'31',NULL,NULL,NULL,NULL,NULL,NULL),
	(800968,800955,X'56414C5545534554444546494E4954494F4E',X'436F64696E67536368656D65',X'4765726D616E4D6164655061727473',X'75726E3A6F69643A31312E31312E302E32',X'4765726D616E204D616465205061727473',NULL,NULL,NULL,X'31',NULL,NULL,NULL,NULL,NULL,NULL),
	(800969,800955,X'56414C5545534554444546494E4954494F4E',X'4461746154797065',X'7465737468746D6C',NULL,X'746573742F68746D6C',NULL,NULL,NULL,NULL,NULL,NULL,NULL,NULL,NULL,NULL),
	(800970,800955,X'56414C5545534554444546494E4954494F4E',X'4461746154797065',X'74657874706C61696E',NULL,X'746578742F706C61696E',NULL,NULL,NULL,NULL,NULL,NULL,NULL,NULL,NULL,NULL),
	(800971,800955,X'56414C5545534554444546494E4954494F4E',X'486965726172636879',X'69735F61',NULL,X'68617353756274797065',X'68617353756274797065',X'40',X'31',NULL,NULL,NULL,NULL,NULL,NULL,NULL),
	(800972,800955,X'56414C5545534554444546494E4954494F4E',X'4C616E6775616765',X'656E',X'7777772E656E2E6F72672F6F72736F6D657468696E67',X'656E',NULL,NULL,NULL,NULL,NULL,NULL,NULL,NULL,NULL,NULL),
	(800973,800955,X'56414C5545534554444546494E4954494F4E',X'4E616D657370616365',X'4175746F6D6F62696C6573',X'75726E3A6F69643A31312E31312E302E31',X'4175746F6D6F62696C6573',NULL,NULL,NULL,NULL,X'4175746F6D6F62696C6573',NULL,NULL,NULL,NULL,NULL),
	(800974,800955,X'56414C5545534554444546494E4954494F4E',X'4E616D657370616365',X'457870656E6461626C655061727473',X'75726E3A6F69643A31312E31312E302E3530',X'457870656E6461626C65205061727473',NULL,NULL,NULL,NULL,X'457870656E6461626C655061727473',NULL,NULL,NULL,NULL,NULL),
	(800975,800955,X'56414C5545534554444546494E4954494F4E',X'4E616D657370616365',X'4765726D616E4D61646550617274734E616D657370616365',X'75726E3A6F69643A31312E31312E302E32',X'4765726D616E204D616465205061727473',NULL,NULL,NULL,NULL,X'4765726D616E4D6164655061727473',NULL,NULL,NULL,NULL,NULL),
	(800976,800955,X'56414C5545534554444546494E4954494F4E',X'50726F7065727479',X'646566696E6974696F6E',NULL,X'646566696E6974696F6E',NULL,NULL,NULL,NULL,NULL,NULL,NULL,NULL,NULL,NULL),
	(800977,800955,X'56414C5545534554444546494E4954494F4E',X'50726F7065727479',X'7465787475616C50726573656E746174696F6E',NULL,X'7465787475616C50726573656E746174696F6E',NULL,NULL,NULL,NULL,NULL,NULL,NULL,NULL,NULL,NULL),
	(800978,800955,X'56414C5545534554444546494E4954494F4E',X'536F75726365',X'6C6578677269642E6F7267',NULL,X'6C6578677269642E6F7267',NULL,NULL,NULL,NULL,NULL,NULL,NULL,NULL,NULL,NULL),
	(800979,800955,X'56414C5545534554444546494E4954494F4E',X'536F75726365',X'5F313131313031',NULL,X'31312E31312E302E31',NULL,NULL,NULL,NULL,NULL,NULL,NULL,NULL,NULL,NULL),
	(800986,800980,X'56414C5545534554444546494E4954494F4E',X'4173736F63696174696F6E',X'69735F61',X'75726E3A6C7369643A62696F6F6E746F6C6F67792E6F72673A66756E67616C5F616E61746F6D793A69735F61',X'69735F61',NULL,NULL,NULL,NULL,NULL,NULL,NULL,NULL,NULL,NULL),
	(800987,800980,X'56414C5545534554444546494E4954494F4E',X'4173736F63696174696F6E',X'68617353756274797065',X'75726E3A6F69643A312E332E362E312E342E312E323131342E3130382E312E382E31',X'68617353756274797065',NULL,NULL,NULL,NULL,NULL,NULL,NULL,NULL,NULL,NULL),
	(800988,800980,X'56414C5545534554444546494E4954494F4E',X'4173736F63696174696F6E',X'75736573',X'75726E3A6F69643A31312E31312E302E31',X'75736573',NULL,NULL,NULL,NULL,NULL,NULL,NULL,NULL,NULL,NULL),
	(800989,800980,X'56414C5545534554444546494E4954494F4E',X'4173736F63696174696F6E5175616C6966696572',X'686173456E67696E65',X'7777772E736F6D657468696E672E636F6D',X'686173456E67696E65',NULL,NULL,NULL,NULL,NULL,NULL,NULL,NULL,NULL,NULL),
	(800990,800980,X'56414C5545534554444546494E4954494F4E',X'436F64696E67536368656D65',X'4175746F6D6F62696C6573',X'75726E3A6F69643A31312E31312E302E31',X'4175746F6D6F62696C6573',NULL,NULL,NULL,X'31',NULL,NULL,NULL,NULL,NULL,NULL),
	(800991,800980,X'56414C5545534554444546494E4954494F4E',X'436F64696E67536368656D65',X'66756E67616C5F616E61746F6D79',X'75726E3A6C7369643A62696F6F6E746F6C6F67792E6F72673A66756E67616C5F616E61746F6D79',X'66756E67616C5F616E61746F6D79',NULL,NULL,NULL,X'31',NULL,NULL,NULL,NULL,NULL,NULL),
	(800992,800980,X'56414C5545534554444546494E4954494F4E',X'436F64696E67536368656D65',X'457870656E6461626C655061727473',X'75726E3A6F69643A31312E31312E302E3530',X'457870656E6461626C65205061727473',NULL,NULL,NULL,X'31',NULL,NULL,NULL,NULL,NULL,NULL),
	(800993,800980,X'56414C5545534554444546494E4954494F4E',X'436F64696E67536368656D65',X'4765726D616E4D6164655061727473',X'75726E3A6F69643A31312E31312E302E32',X'4765726D616E204D616465205061727473',NULL,NULL,NULL,X'31',NULL,NULL,NULL,NULL,NULL,NULL),
	(800994,800980,X'56414C5545534554444546494E4954494F4E',X'4461746154797065',X'7465737468746D6C',NULL,X'746573742F68746D6C',NULL,NULL,NULL,NULL,NULL,NULL,NULL,NULL,NULL,NULL),
	(800995,800980,X'56414C5545534554444546494E4954494F4E',X'4461746154797065',X'74657874706C61696E',NULL,X'746578742F706C61696E',NULL,NULL,NULL,NULL,NULL,NULL,NULL,NULL,NULL,NULL),
	(800996,800980,X'56414C5545534554444546494E4954494F4E',X'486965726172636879',X'69735F61',NULL,X'68617353756274797065',X'68617353756274797065',X'40',X'31',NULL,NULL,NULL,NULL,NULL,NULL,NULL),
	(800997,800980,X'56414C5545534554444546494E4954494F4E',X'4C616E6775616765',X'656E',X'7777772E656E2E6F72672F6F72736F6D657468696E67',X'656E',NULL,NULL,NULL,NULL,NULL,NULL,NULL,NULL,NULL,NULL),
	(800998,800980,X'56414C5545534554444546494E4954494F4E',X'4E616D657370616365',X'4175746F6D6F62696C6573',X'75726E3A6F69643A31312E31312E302E31',X'4175746F6D6F62696C6573',NULL,NULL,NULL,NULL,X'4175746F6D6F62696C6573',NULL,NULL,NULL,NULL,NULL),
	(800999,800980,X'56414C5545534554444546494E4954494F4E',X'4E616D657370616365',X'457870656E6461626C655061727473',X'75726E3A6F69643A31312E31312E302E3530',X'457870656E6461626C65205061727473',NULL,NULL,NULL,NULL,X'457870656E6461626C655061727473',NULL,NULL,NULL,NULL,NULL),
	(801000,800980,X'56414C5545534554444546494E4954494F4E',X'4E616D657370616365',X'4765726D616E4D61646550617274734E616D657370616365',X'75726E3A6F69643A31312E31312E302E32',X'4765726D616E204D616465205061727473',NULL,NULL,NULL,NULL,X'4765726D616E4D6164655061727473',NULL,NULL,NULL,NULL,NULL),
	(801001,800980,X'56414C5545534554444546494E4954494F4E',X'50726F7065727479',X'646566696E6974696F6E',NULL,X'646566696E6974696F6E',NULL,NULL,NULL,NULL,NULL,NULL,NULL,NULL,NULL,NULL),
	(801002,800980,X'56414C5545534554444546494E4954494F4E',X'50726F7065727479',X'7465787475616C50726573656E746174696F6E',NULL,X'7465787475616C50726573656E746174696F6E',NULL,NULL,NULL,NULL,NULL,NULL,NULL,NULL,NULL,NULL),
	(801003,800980,X'56414C5545534554444546494E4954494F4E',X'536F75726365',X'6C6578677269642E6F7267',NULL,X'6C6578677269642E6F7267',NULL,NULL,NULL,NULL,NULL,NULL,NULL,NULL,NULL,NULL),
	(801004,800980,X'56414C5545534554444546494E4954494F4E',X'536F75726365',X'5F313131313031',NULL,X'31312E31312E302E31',NULL,NULL,NULL,NULL,NULL,NULL,NULL,NULL,NULL,NULL),
	(801011,801005,X'56414C5545534554444546494E4954494F4E',X'4173736F63696174696F6E',X'69735F61',X'75726E3A6C7369643A62696F6F6E746F6C6F67792E6F72673A66756E67616C5F616E61746F6D793A69735F61',X'69735F61',NULL,NULL,NULL,NULL,NULL,NULL,NULL,NULL,NULL,NULL),
	(801012,801005,X'56414C5545534554444546494E4954494F4E',X'4173736F63696174696F6E',X'68617353756274797065',X'75726E3A6F69643A312E332E362E312E342E312E323131342E3130382E312E382E31',X'68617353756274797065',NULL,NULL,NULL,NULL,NULL,NULL,NULL,NULL,NULL,NULL),
	(801013,801005,X'56414C5545534554444546494E4954494F4E',X'4173736F63696174696F6E',X'75736573',X'75726E3A6F69643A31312E31312E302E31',X'75736573',NULL,NULL,NULL,NULL,NULL,NULL,NULL,NULL,NULL,NULL),
	(801014,801005,X'56414C5545534554444546494E4954494F4E',X'4173736F63696174696F6E5175616C6966696572',X'686173456E67696E65',X'7777772E736F6D657468696E672E636F6D',X'686173456E67696E65',NULL,NULL,NULL,NULL,NULL,NULL,NULL,NULL,NULL,NULL),
	(801015,801005,X'56414C5545534554444546494E4954494F4E',X'436F64696E67536368656D65',X'4175746F6D6F62696C6573',X'75726E3A6F69643A31312E31312E302E31',X'4175746F6D6F62696C6573',NULL,NULL,NULL,X'31',NULL,NULL,NULL,NULL,NULL,NULL),
	(801016,801005,X'56414C5545534554444546494E4954494F4E',X'436F64696E67536368656D65',X'66756E67616C5F616E61746F6D79',X'75726E3A6C7369643A62696F6F6E746F6C6F67792E6F72673A66756E67616C5F616E61746F6D79',X'66756E67616C5F616E61746F6D79',NULL,NULL,NULL,X'31',NULL,NULL,NULL,NULL,NULL,NULL),
	(801017,801005,X'56414C5545534554444546494E4954494F4E',X'436F64696E67536368656D65',X'457870656E6461626C655061727473',X'75726E3A6F69643A31312E31312E302E3530',X'457870656E6461626C65205061727473',NULL,NULL,NULL,X'31',NULL,NULL,NULL,NULL,NULL,NULL),
	(801018,801005,X'56414C5545534554444546494E4954494F4E',X'436F64696E67536368656D65',X'4765726D616E4D6164655061727473',X'75726E3A6F69643A31312E31312E302E32',X'4765726D616E204D616465205061727473',NULL,NULL,NULL,X'31',NULL,NULL,NULL,NULL,NULL,NULL),
	(801019,801005,X'56414C5545534554444546494E4954494F4E',X'4461746154797065',X'7465737468746D6C',NULL,X'746573742F68746D6C',NULL,NULL,NULL,NULL,NULL,NULL,NULL,NULL,NULL,NULL),
	(801020,801005,X'56414C5545534554444546494E4954494F4E',X'4461746154797065',X'74657874706C61696E',NULL,X'746578742F706C61696E',NULL,NULL,NULL,NULL,NULL,NULL,NULL,NULL,NULL,NULL),
	(801021,801005,X'56414C5545534554444546494E4954494F4E',X'486965726172636879',X'69735F61',NULL,X'68617353756274797065',X'68617353756274797065',X'40',X'31',NULL,NULL,NULL,NULL,NULL,NULL,NULL),
	(801022,801005,X'56414C5545534554444546494E4954494F4E',X'4C616E6775616765',X'656E',X'7777772E656E2E6F72672F6F72736F6D657468696E67',X'656E',NULL,NULL,NULL,NULL,NULL,NULL,NULL,NULL,NULL,NULL),
	(801023,801005,X'56414C5545534554444546494E4954494F4E',X'4E616D657370616365',X'4175746F6D6F62696C6573',X'75726E3A6F69643A31312E31312E302E31',X'4175746F6D6F62696C6573',NULL,NULL,NULL,NULL,X'4175746F6D6F62696C6573',NULL,NULL,NULL,NULL,NULL),
	(801024,801005,X'56414C5545534554444546494E4954494F4E',X'4E616D657370616365',X'457870656E6461626C655061727473',X'75726E3A6F69643A31312E31312E302E3530',X'457870656E6461626C65205061727473',NULL,NULL,NULL,NULL,X'457870656E6461626C655061727473',NULL,NULL,NULL,NULL,NULL),
	(801025,801005,X'56414C5545534554444546494E4954494F4E',X'4E616D657370616365',X'4765726D616E4D61646550617274734E616D657370616365',X'75726E3A6F69643A31312E31312E302E32',X'4765726D616E204D616465205061727473',NULL,NULL,NULL,NULL,X'4765726D616E4D6164655061727473',NULL,NULL,NULL,NULL,NULL),
	(801026,801005,X'56414C5545534554444546494E4954494F4E',X'50726F7065727479',X'646566696E6974696F6E',NULL,X'646566696E6974696F6E',NULL,NULL,NULL,NULL,NULL,NULL,NULL,NULL,NULL,NULL),
	(801027,801005,X'56414C5545534554444546494E4954494F4E',X'50726F7065727479',X'7465787475616C50726573656E746174696F6E',NULL,X'7465787475616C50726573656E746174696F6E',NULL,NULL,NULL,NULL,NULL,NULL,NULL,NULL,NULL,NULL),
	(801028,801005,X'56414C5545534554444546494E4954494F4E',X'536F75726365',X'6C6578677269642E6F7267',NULL,X'6C6578677269642E6F7267',NULL,NULL,NULL,NULL,NULL,NULL,NULL,NULL,NULL,NULL),
	(801029,801005,X'56414C5545534554444546494E4954494F4E',X'536F75726365',X'5F313131313031',NULL,X'31312E31312E302E31',NULL,NULL,NULL,NULL,NULL,NULL,NULL,NULL,NULL,NULL),
	(801036,801030,X'56414C5545534554444546494E4954494F4E',X'4173736F63696174696F6E',X'69735F61',X'75726E3A6C7369643A62696F6F6E746F6C6F67792E6F72673A66756E67616C5F616E61746F6D793A69735F61',X'69735F61',NULL,NULL,NULL,NULL,NULL,NULL,NULL,NULL,NULL,NULL),
	(801037,801030,X'56414C5545534554444546494E4954494F4E',X'4173736F63696174696F6E',X'68617353756274797065',X'75726E3A6F69643A312E332E362E312E342E312E323131342E3130382E312E382E31',X'68617353756274797065',NULL,NULL,NULL,NULL,NULL,NULL,NULL,NULL,NULL,NULL),
	(801038,801030,X'56414C5545534554444546494E4954494F4E',X'4173736F63696174696F6E',X'75736573',X'75726E3A6F69643A31312E31312E302E31',X'75736573',NULL,NULL,NULL,NULL,NULL,NULL,NULL,NULL,NULL,NULL),
	(801039,801030,X'56414C5545534554444546494E4954494F4E',X'4173736F63696174696F6E5175616C6966696572',X'686173456E67696E65',X'7777772E736F6D657468696E672E636F6D',X'686173456E67696E65',NULL,NULL,NULL,NULL,NULL,NULL,NULL,NULL,NULL,NULL),
	(801040,801030,X'56414C5545534554444546494E4954494F4E',X'436F64696E67536368656D65',X'4175746F6D6F62696C6573',X'75726E3A6F69643A31312E31312E302E31',X'4175746F6D6F62696C6573',NULL,NULL,NULL,X'31',NULL,NULL,NULL,NULL,NULL,NULL),
	(801041,801030,X'56414C5545534554444546494E4954494F4E',X'436F64696E67536368656D65',X'66756E67616C5F616E61746F6D79',X'75726E3A6C7369643A62696F6F6E746F6C6F67792E6F72673A66756E67616C5F616E61746F6D79',X'66756E67616C5F616E61746F6D79',NULL,NULL,NULL,X'31',NULL,NULL,NULL,NULL,NULL,NULL),
	(801042,801030,X'56414C5545534554444546494E4954494F4E',X'436F64696E67536368656D65',X'457870656E6461626C655061727473',X'75726E3A6F69643A31312E31312E302E3530',X'457870656E6461626C65205061727473',NULL,NULL,NULL,X'31',NULL,NULL,NULL,NULL,NULL,NULL),
	(801043,801030,X'56414C5545534554444546494E4954494F4E',X'436F64696E67536368656D65',X'4765726D616E4D6164655061727473',X'75726E3A6F69643A31312E31312E302E32',X'4765726D616E204D616465205061727473',NULL,NULL,NULL,X'31',NULL,NULL,NULL,NULL,NULL,NULL),
	(801044,801030,X'56414C5545534554444546494E4954494F4E',X'4461746154797065',X'7465737468746D6C',NULL,X'746573742F68746D6C',NULL,NULL,NULL,NULL,NULL,NULL,NULL,NULL,NULL,NULL),
	(801045,801030,X'56414C5545534554444546494E4954494F4E',X'4461746154797065',X'74657874706C61696E',NULL,X'746578742F706C61696E',NULL,NULL,NULL,NULL,NULL,NULL,NULL,NULL,NULL,NULL),
	(801046,801030,X'56414C5545534554444546494E4954494F4E',X'486965726172636879',X'69735F61',NULL,X'68617353756274797065',X'68617353756274797065',X'40',X'31',NULL,NULL,NULL,NULL,NULL,NULL,NULL),
	(801047,801030,X'56414C5545534554444546494E4954494F4E',X'4C616E6775616765',X'656E',X'7777772E656E2E6F72672F6F72736F6D657468696E67',X'656E',NULL,NULL,NULL,NULL,NULL,NULL,NULL,NULL,NULL,NULL),
	(801048,801030,X'56414C5545534554444546494E4954494F4E',X'4E616D657370616365',X'4175746F6D6F62696C6573',X'75726E3A6F69643A31312E31312E302E31',X'4175746F6D6F62696C6573',NULL,NULL,NULL,NULL,X'4175746F6D6F62696C6573',NULL,NULL,NULL,NULL,NULL),
	(801049,801030,X'56414C5545534554444546494E4954494F4E',X'4E616D657370616365',X'457870656E6461626C655061727473',X'75726E3A6F69643A31312E31312E302E3530',X'457870656E6461626C65205061727473',NULL,NULL,NULL,NULL,X'457870656E6461626C655061727473',NULL,NULL,NULL,NULL,NULL),
	(801050,801030,X'56414C5545534554444546494E4954494F4E',X'4E616D657370616365',X'4765726D616E4D61646550617274734E616D657370616365',X'75726E3A6F69643A31312E31312E302E32',X'4765726D616E204D616465205061727473',NULL,NULL,NULL,NULL,X'4765726D616E4D6164655061727473',NULL,NULL,NULL,NULL,NULL),
	(801051,801030,X'56414C5545534554444546494E4954494F4E',X'50726F7065727479',X'646566696E6974696F6E',NULL,X'646566696E6974696F6E',NULL,NULL,NULL,NULL,NULL,NULL,NULL,NULL,NULL,NULL),
	(801052,801030,X'56414C5545534554444546494E4954494F4E',X'50726F7065727479',X'7465787475616C50726573656E746174696F6E',NULL,X'7465787475616C50726573656E746174696F6E',NULL,NULL,NULL,NULL,NULL,NULL,NULL,NULL,NULL,NULL),
	(801053,801030,X'56414C5545534554444546494E4954494F4E',X'536F75726365',X'6C6578677269642E6F7267',NULL,X'6C6578677269642E6F7267',NULL,NULL,NULL,NULL,NULL,NULL,NULL,NULL,NULL,NULL),
	(801054,801030,X'56414C5545534554444546494E4954494F4E',X'536F75726365',X'5F313131313031',NULL,X'31312E31312E302E31',NULL,NULL,NULL,NULL,NULL,NULL,NULL,NULL,NULL,NULL),
	(801061,801055,X'56414C5545534554444546494E4954494F4E',X'4173736F63696174696F6E',X'69735F61',X'75726E3A6C7369643A62696F6F6E746F6C6F67792E6F72673A66756E67616C5F616E61746F6D793A69735F61',X'69735F61',NULL,NULL,NULL,NULL,NULL,NULL,NULL,NULL,NULL,NULL),
	(801062,801055,X'56414C5545534554444546494E4954494F4E',X'4173736F63696174696F6E',X'68617353756274797065',X'75726E3A6F69643A312E332E362E312E342E312E323131342E3130382E312E382E31',X'68617353756274797065',NULL,NULL,NULL,NULL,NULL,NULL,NULL,NULL,NULL,NULL),
	(801063,801055,X'56414C5545534554444546494E4954494F4E',X'4173736F63696174696F6E',X'75736573',X'75726E3A6F69643A31312E31312E302E31',X'75736573',NULL,NULL,NULL,NULL,NULL,NULL,NULL,NULL,NULL,NULL),
	(801064,801055,X'56414C5545534554444546494E4954494F4E',X'4173736F63696174696F6E5175616C6966696572',X'686173456E67696E65',X'7777772E736F6D657468696E672E636F6D',X'686173456E67696E65',NULL,NULL,NULL,NULL,NULL,NULL,NULL,NULL,NULL,NULL),
	(801065,801055,X'56414C5545534554444546494E4954494F4E',X'436F64696E67536368656D65',X'4175746F6D6F62696C6573',X'75726E3A6F69643A31312E31312E302E31',X'4175746F6D6F62696C6573',NULL,NULL,NULL,X'31',NULL,NULL,NULL,NULL,NULL,NULL),
	(801066,801055,X'56414C5545534554444546494E4954494F4E',X'436F64696E67536368656D65',X'66756E67616C5F616E61746F6D79',X'75726E3A6C7369643A62696F6F6E746F6C6F67792E6F72673A66756E67616C5F616E61746F6D79',X'66756E67616C5F616E61746F6D79',NULL,NULL,NULL,X'31',NULL,NULL,NULL,NULL,NULL,NULL),
	(801067,801055,X'56414C5545534554444546494E4954494F4E',X'436F64696E67536368656D65',X'457870656E6461626C655061727473',X'75726E3A6F69643A31312E31312E302E3530',X'457870656E6461626C65205061727473',NULL,NULL,NULL,X'31',NULL,NULL,NULL,NULL,NULL,NULL),
	(801068,801055,X'56414C5545534554444546494E4954494F4E',X'436F64696E67536368656D65',X'4765726D616E4D6164655061727473',X'75726E3A6F69643A31312E31312E302E32',X'4765726D616E204D616465205061727473',NULL,NULL,NULL,X'31',NULL,NULL,NULL,NULL,NULL,NULL),
	(801069,801055,X'56414C5545534554444546494E4954494F4E',X'4461746154797065',X'7465737468746D6C',NULL,X'746573742F68746D6C',NULL,NULL,NULL,NULL,NULL,NULL,NULL,NULL,NULL,NULL),
	(801070,801055,X'56414C5545534554444546494E4954494F4E',X'4461746154797065',X'74657874706C61696E',NULL,X'746578742F706C61696E',NULL,NULL,NULL,NULL,NULL,NULL,NULL,NULL,NULL,NULL),
	(801071,801055,X'56414C5545534554444546494E4954494F4E',X'486965726172636879',X'69735F61',NULL,X'68617353756274797065',X'68617353756274797065',X'40',X'31',NULL,NULL,NULL,NULL,NULL,NULL,NULL),
	(801072,801055,X'56414C5545534554444546494E4954494F4E',X'4C616E6775616765',X'656E',X'7777772E656E2E6F72672F6F72736F6D657468696E67',X'656E',NULL,NULL,NULL,NULL,NULL,NULL,NULL,NULL,NULL,NULL),
	(801073,801055,X'56414C5545534554444546494E4954494F4E',X'4E616D657370616365',X'4175746F6D6F62696C6573',X'75726E3A6F69643A31312E31312E302E31',X'4175746F6D6F62696C6573',NULL,NULL,NULL,NULL,X'4175746F6D6F62696C6573',NULL,NULL,NULL,NULL,NULL),
	(801074,801055,X'56414C5545534554444546494E4954494F4E',X'4E616D657370616365',X'457870656E6461626C655061727473',X'75726E3A6F69643A31312E31312E302E3530',X'457870656E6461626C65205061727473',NULL,NULL,NULL,NULL,X'457870656E6461626C655061727473',NULL,NULL,NULL,NULL,NULL),
	(801075,801055,X'56414C5545534554444546494E4954494F4E',X'4E616D657370616365',X'4765726D616E4D61646550617274734E616D657370616365',X'75726E3A6F69643A31312E31312E302E32',X'4765726D616E204D616465205061727473',NULL,NULL,NULL,NULL,X'4765726D616E4D6164655061727473',NULL,NULL,NULL,NULL,NULL),
	(801076,801055,X'56414C5545534554444546494E4954494F4E',X'50726F7065727479',X'646566696E6974696F6E',NULL,X'646566696E6974696F6E',NULL,NULL,NULL,NULL,NULL,NULL,NULL,NULL,NULL,NULL),
	(801077,801055,X'56414C5545534554444546494E4954494F4E',X'50726F7065727479',X'7465787475616C50726573656E746174696F6E',NULL,X'7465787475616C50726573656E746174696F6E',NULL,NULL,NULL,NULL,NULL,NULL,NULL,NULL,NULL,NULL),
	(801078,801055,X'56414C5545534554444546494E4954494F4E',X'536F75726365',X'6C6578677269642E6F7267',NULL,X'6C6578677269642E6F7267',NULL,NULL,NULL,NULL,NULL,NULL,NULL,NULL,NULL,NULL),
	(801079,801055,X'56414C5545534554444546494E4954494F4E',X'536F75726365',X'5F313131313031',NULL,X'31312E31312E302E31',NULL,NULL,NULL,NULL,NULL,NULL,NULL,NULL,NULL,NULL),
	(801099,801080,X'56414C5545534554444546494E4954494F4E',X'4173736F63696174696F6E',X'69735F61',X'75726E3A6C7369643A62696F6F6E746F6C6F67792E6F72673A66756E67616C5F616E61746F6D793A69735F61',X'69735F61',NULL,NULL,NULL,NULL,NULL,NULL,NULL,NULL,NULL,NULL),
	(801100,801080,X'56414C5545534554444546494E4954494F4E',X'4173736F63696174696F6E',X'68617353756274797065',X'75726E3A6F69643A312E332E362E312E342E312E323131342E3130382E312E382E31',X'68617353756274797065',NULL,NULL,NULL,NULL,NULL,NULL,NULL,NULL,NULL,NULL),
	(801101,801080,X'56414C5545534554444546494E4954494F4E',X'4173736F63696174696F6E',X'75736573',X'75726E3A6F69643A31312E31312E302E31',X'75736573',NULL,NULL,NULL,NULL,NULL,NULL,NULL,NULL,NULL,NULL),
	(801102,801080,X'56414C5545534554444546494E4954494F4E',X'4173736F63696174696F6E5175616C6966696572',X'686173456E67696E65',X'7777772E736F6D657468696E672E636F6D',X'686173456E67696E65',NULL,NULL,NULL,NULL,NULL,NULL,NULL,NULL,NULL,NULL),
	(801103,801080,X'56414C5545534554444546494E4954494F4E',X'436F64696E67536368656D65',X'4175746F6D6F62696C6573',X'75726E3A6F69643A31312E31312E302E31',X'4175746F6D6F62696C6573',NULL,NULL,NULL,X'31',NULL,NULL,NULL,NULL,NULL,NULL),
	(801104,801080,X'56414C5545534554444546494E4954494F4E',X'436F64696E67536368656D65',X'66756E67616C5F616E61746F6D79',X'75726E3A6C7369643A62696F6F6E746F6C6F67792E6F72673A66756E67616C5F616E61746F6D79',X'66756E67616C5F616E61746F6D79',NULL,NULL,NULL,X'31',NULL,NULL,NULL,NULL,NULL,NULL),
	(801105,801080,X'56414C5545534554444546494E4954494F4E',X'436F64696E67536368656D65',X'457870656E6461626C655061727473',X'75726E3A6F69643A31312E31312E302E3530',X'457870656E6461626C65205061727473',NULL,NULL,NULL,X'31',NULL,NULL,NULL,NULL,NULL,NULL),
	(801106,801080,X'56414C5545534554444546494E4954494F4E',X'436F64696E67536368656D65',X'4765726D616E4D6164655061727473',X'75726E3A6F69643A31312E31312E302E32',X'4765726D616E204D616465205061727473',NULL,NULL,NULL,X'31',NULL,NULL,NULL,NULL,NULL,NULL),
	(801107,801080,X'56414C5545534554444546494E4954494F4E',X'4461746154797065',X'7465737468746D6C',NULL,X'746573742F68746D6C',NULL,NULL,NULL,NULL,NULL,NULL,NULL,NULL,NULL,NULL),
	(801108,801080,X'56414C5545534554444546494E4954494F4E',X'4461746154797065',X'74657874706C61696E',NULL,X'746578742F706C61696E',NULL,NULL,NULL,NULL,NULL,NULL,NULL,NULL,NULL,NULL),
	(801109,801080,X'56414C5545534554444546494E4954494F4E',X'486965726172636879',X'69735F61',NULL,X'68617353756274797065',X'68617353756274797065',X'40',X'31',NULL,NULL,NULL,NULL,NULL,NULL,NULL),
	(801110,801080,X'56414C5545534554444546494E4954494F4E',X'4C616E6775616765',X'656E',X'7777772E656E2E6F72672F6F72736F6D657468696E67',X'656E',NULL,NULL,NULL,NULL,NULL,NULL,NULL,NULL,NULL,NULL),
	(801111,801080,X'56414C5545534554444546494E4954494F4E',X'4E616D657370616365',X'4175746F6D6F62696C6573',X'75726E3A6F69643A31312E31312E302E31',X'4175746F6D6F62696C6573',NULL,NULL,NULL,NULL,X'4175746F6D6F62696C6573',NULL,NULL,NULL,NULL,NULL),
	(801112,801080,X'56414C5545534554444546494E4954494F4E',X'4E616D657370616365',X'457870656E6461626C655061727473',X'75726E3A6F69643A31312E31312E302E3530',X'457870656E6461626C65205061727473',NULL,NULL,NULL,NULL,X'457870656E6461626C655061727473',NULL,NULL,NULL,NULL,NULL),
	(801113,801080,X'56414C5545534554444546494E4954494F4E',X'4E616D657370616365',X'4765726D616E4D61646550617274734E616D657370616365',X'75726E3A6F69643A31312E31312E302E32',X'4765726D616E204D616465205061727473',NULL,NULL,NULL,NULL,X'4765726D616E4D6164655061727473',NULL,NULL,NULL,NULL,NULL),
	(801114,801080,X'56414C5545534554444546494E4954494F4E',X'50726F7065727479',X'646566696E6974696F6E',NULL,X'646566696E6974696F6E',NULL,NULL,NULL,NULL,NULL,NULL,NULL,NULL,NULL,NULL),
	(801115,801080,X'56414C5545534554444546494E4954494F4E',X'50726F7065727479',X'7465787475616C50726573656E746174696F6E',NULL,X'7465787475616C50726573656E746174696F6E',NULL,NULL,NULL,NULL,NULL,NULL,NULL,NULL,NULL,NULL),
	(801116,801080,X'56414C5545534554444546494E4954494F4E',X'536F75726365',X'6C6578677269642E6F7267',NULL,X'6C6578677269642E6F7267',NULL,NULL,NULL,NULL,NULL,NULL,NULL,NULL,NULL,NULL),
	(801117,801080,X'56414C5545534554444546494E4954494F4E',X'536F75726365',X'5F313131313031',NULL,X'31312E31312E302E31',NULL,NULL,NULL,NULL,NULL,NULL,NULL,NULL,NULL,NULL),
	(801118,801080,X'56414C5545534554444546494E4954494F4E',X'536F75726365',X'474D',NULL,X'474D',NULL,NULL,NULL,NULL,NULL,NULL,NULL,NULL,NULL,NULL),
	(801119,801080,X'56414C5545534554444546494E4954494F4E',X'536F75726365',X'466F7264',NULL,X'466F7264',NULL,NULL,NULL,NULL,NULL,NULL,NULL,NULL,NULL,NULL),
	(801120,801080,X'56414C5545534554444546494E4954494F4E',X'436F6E74657874',X'4175746F6D6F62696C6573',NULL,X'4175746F6D6F62696C6573',NULL,NULL,NULL,NULL,NULL,NULL,NULL,NULL,NULL,NULL),
	(801121,801080,X'56414C5545534554444546494E4954494F4E',X'436F6E74657874',X'466F7264',NULL,X'466F7264',NULL,NULL,NULL,NULL,NULL,NULL,NULL,NULL,NULL,NULL),
	(801122,801080,X'56414C5545534554444546494E4954494F4E',X'436F6E74657874',X'474D',NULL,X'474D',NULL,NULL,NULL,NULL,NULL,NULL,NULL,NULL,NULL,NULL),
	(801129,801123,X'56414C5545534554444546494E4954494F4E',X'4173736F63696174696F6E',X'69735F61',X'75726E3A6C7369643A62696F6F6E746F6C6F67792E6F72673A66756E67616C5F616E61746F6D793A69735F61',X'69735F61',NULL,NULL,NULL,NULL,NULL,NULL,NULL,NULL,NULL,NULL),
	(801130,801123,X'56414C5545534554444546494E4954494F4E',X'4173736F63696174696F6E',X'68617353756274797065',X'75726E3A6F69643A312E332E362E312E342E312E323131342E3130382E312E382E31',X'68617353756274797065',NULL,NULL,NULL,NULL,NULL,NULL,NULL,NULL,NULL,NULL),
	(801131,801123,X'56414C5545534554444546494E4954494F4E',X'4173736F63696174696F6E',X'75736573',X'75726E3A6F69643A31312E31312E302E31',X'75736573',NULL,NULL,NULL,NULL,NULL,NULL,NULL,NULL,NULL,NULL),
	(801132,801123,X'56414C5545534554444546494E4954494F4E',X'4173736F63696174696F6E5175616C6966696572',X'686173456E67696E65',X'7777772E736F6D657468696E672E636F6D',X'686173456E67696E65',NULL,NULL,NULL,NULL,NULL,NULL,NULL,NULL,NULL,NULL),
	(801133,801123,X'56414C5545534554444546494E4954494F4E',X'436F64696E67536368656D65',X'4175746F6D6F62696C6573',X'75726E3A6F69643A31312E31312E302E31',X'4175746F6D6F62696C6573',NULL,NULL,NULL,X'31',NULL,NULL,NULL,NULL,NULL,NULL),
	(801134,801123,X'56414C5545534554444546494E4954494F4E',X'436F64696E67536368656D65',X'66756E67616C5F616E61746F6D79',X'75726E3A6C7369643A62696F6F6E746F6C6F67792E6F72673A66756E67616C5F616E61746F6D79',X'66756E67616C5F616E61746F6D79',NULL,NULL,NULL,X'31',NULL,NULL,NULL,NULL,NULL,NULL),
	(801135,801123,X'56414C5545534554444546494E4954494F4E',X'436F64696E67536368656D65',X'457870656E6461626C655061727473',X'75726E3A6F69643A31312E31312E302E3530',X'457870656E6461626C65205061727473',NULL,NULL,NULL,X'31',NULL,NULL,NULL,NULL,NULL,NULL),
	(801136,801123,X'56414C5545534554444546494E4954494F4E',X'436F64696E67536368656D65',X'4765726D616E4D6164655061727473',X'75726E3A6F69643A31312E31312E302E32',X'4765726D616E204D616465205061727473',NULL,NULL,NULL,X'31',NULL,NULL,NULL,NULL,NULL,NULL),
	(801137,801123,X'56414C5545534554444546494E4954494F4E',X'4461746154797065',X'7465737468746D6C',NULL,X'746573742F68746D6C',NULL,NULL,NULL,NULL,NULL,NULL,NULL,NULL,NULL,NULL),
	(801138,801123,X'56414C5545534554444546494E4954494F4E',X'4461746154797065',X'74657874706C61696E',NULL,X'746578742F706C61696E',NULL,NULL,NULL,NULL,NULL,NULL,NULL,NULL,NULL,NULL),
	(801139,801123,X'56414C5545534554444546494E4954494F4E',X'486965726172636879',X'69735F61',NULL,X'68617353756274797065',X'68617353756274797065',X'40',X'31',NULL,NULL,NULL,NULL,NULL,NULL,NULL),
	(801140,801123,X'56414C5545534554444546494E4954494F4E',X'4C616E6775616765',X'656E',X'7777772E656E2E6F72672F6F72736F6D657468696E67',X'656E',NULL,NULL,NULL,NULL,NULL,NULL,NULL,NULL,NULL,NULL),
	(801141,801123,X'56414C5545534554444546494E4954494F4E',X'4E616D657370616365',X'4175746F6D6F62696C6573',X'75726E3A6F69643A31312E31312E302E31',X'4175746F6D6F62696C6573',NULL,NULL,NULL,NULL,X'4175746F6D6F62696C6573',NULL,NULL,NULL,NULL,NULL),
	(801142,801123,X'56414C5545534554444546494E4954494F4E',X'4E616D657370616365',X'457870656E6461626C655061727473',X'75726E3A6F69643A31312E31312E302E3530',X'457870656E6461626C65205061727473',NULL,NULL,NULL,NULL,X'457870656E6461626C655061727473',NULL,NULL,NULL,NULL,NULL),
	(801143,801123,X'56414C5545534554444546494E4954494F4E',X'4E616D657370616365',X'4765726D616E4D61646550617274734E616D657370616365',X'75726E3A6F69643A31312E31312E302E32',X'4765726D616E204D616465205061727473',NULL,NULL,NULL,NULL,X'4765726D616E4D6164655061727473',NULL,NULL,NULL,NULL,NULL),
	(801144,801123,X'56414C5545534554444546494E4954494F4E',X'50726F7065727479',X'646566696E6974696F6E',NULL,X'646566696E6974696F6E',NULL,NULL,NULL,NULL,NULL,NULL,NULL,NULL,NULL,NULL),
	(801145,801123,X'56414C5545534554444546494E4954494F4E',X'50726F7065727479',X'7465787475616C50726573656E746174696F6E',NULL,X'7465787475616C50726573656E746174696F6E',NULL,NULL,NULL,NULL,NULL,NULL,NULL,NULL,NULL,NULL),
	(801146,801123,X'56414C5545534554444546494E4954494F4E',X'536F75726365',X'6C6578677269642E6F7267',NULL,X'6C6578677269642E6F7267',NULL,NULL,NULL,NULL,NULL,NULL,NULL,NULL,NULL,NULL),
	(801147,801123,X'56414C5545534554444546494E4954494F4E',X'536F75726365',X'5F313131313031',NULL,X'31312E31312E302E31',NULL,NULL,NULL,NULL,NULL,NULL,NULL,NULL,NULL,NULL),
	(801154,801148,X'56414C5545534554444546494E4954494F4E',X'4173736F63696174696F6E',X'69735F61',X'75726E3A6C7369643A62696F6F6E746F6C6F67792E6F72673A66756E67616C5F616E61746F6D793A69735F61',X'69735F61',NULL,NULL,NULL,NULL,NULL,NULL,NULL,NULL,NULL,NULL),
	(801155,801148,X'56414C5545534554444546494E4954494F4E',X'4173736F63696174696F6E',X'68617353756274797065',X'75726E3A6F69643A312E332E362E312E342E312E323131342E3130382E312E382E31',X'68617353756274797065',NULL,NULL,NULL,NULL,NULL,NULL,NULL,NULL,NULL,NULL),
	(801156,801148,X'56414C5545534554444546494E4954494F4E',X'4173736F63696174696F6E',X'75736573',X'75726E3A6F69643A31312E31312E302E31',X'75736573',NULL,NULL,NULL,NULL,NULL,NULL,NULL,NULL,NULL,NULL),
	(801157,801148,X'56414C5545534554444546494E4954494F4E',X'4173736F63696174696F6E5175616C6966696572',X'686173456E67696E65',X'7777772E736F6D657468696E672E636F6D',X'686173456E67696E65',NULL,NULL,NULL,NULL,NULL,NULL,NULL,NULL,NULL,NULL),
	(801158,801148,X'56414C5545534554444546494E4954494F4E',X'436F64696E67536368656D65',X'4175746F6D6F62696C6573',X'75726E3A6F69643A31312E31312E302E31',X'4175746F6D6F62696C6573',NULL,NULL,NULL,X'31',NULL,NULL,NULL,NULL,NULL,NULL),
	(801159,801148,X'56414C5545534554444546494E4954494F4E',X'436F64696E67536368656D65',X'66756E67616C5F616E61746F6D79',X'75726E3A6C7369643A62696F6F6E746F6C6F67792E6F72673A66756E67616C5F616E61746F6D79',X'66756E67616C5F616E61746F6D79',NULL,NULL,NULL,X'31',NULL,NULL,NULL,NULL,NULL,NULL),
	(801160,801148,X'56414C5545534554444546494E4954494F4E',X'436F64696E67536368656D65',X'457870656E6461626C655061727473',X'75726E3A6F69643A31312E31312E302E3530',X'457870656E6461626C65205061727473',NULL,NULL,NULL,X'31',NULL,NULL,NULL,NULL,NULL,NULL),
	(801161,801148,X'56414C5545534554444546494E4954494F4E',X'436F64696E67536368656D65',X'4765726D616E4D6164655061727473',X'75726E3A6F69643A31312E31312E302E32',X'4765726D616E204D616465205061727473',NULL,NULL,NULL,X'31',NULL,NULL,NULL,NULL,NULL,NULL),
	(801162,801148,X'56414C5545534554444546494E4954494F4E',X'4461746154797065',X'7465737468746D6C',NULL,X'746573742F68746D6C',NULL,NULL,NULL,NULL,NULL,NULL,NULL,NULL,NULL,NULL),
	(801163,801148,X'56414C5545534554444546494E4954494F4E',X'4461746154797065',X'74657874706C61696E',NULL,X'746578742F706C61696E',NULL,NULL,NULL,NULL,NULL,NULL,NULL,NULL,NULL,NULL),
	(801164,801148,X'56414C5545534554444546494E4954494F4E',X'486965726172636879',X'69735F61',NULL,X'68617353756274797065',X'68617353756274797065',X'40',X'31',NULL,NULL,NULL,NULL,NULL,NULL,NULL),
	(801165,801148,X'56414C5545534554444546494E4954494F4E',X'4C616E6775616765',X'656E',X'7777772E656E2E6F72672F6F72736F6D657468696E67',X'656E',NULL,NULL,NULL,NULL,NULL,NULL,NULL,NULL,NULL,NULL),
	(801166,801148,X'56414C5545534554444546494E4954494F4E',X'4E616D657370616365',X'4175746F6D6F62696C6573',X'75726E3A6F69643A31312E31312E302E31',X'4175746F6D6F62696C6573',NULL,NULL,NULL,NULL,X'4175746F6D6F62696C6573',NULL,NULL,NULL,NULL,NULL),
	(801167,801148,X'56414C5545534554444546494E4954494F4E',X'4E616D657370616365',X'457870656E6461626C655061727473',X'75726E3A6F69643A31312E31312E302E3530',X'457870656E6461626C65205061727473',NULL,NULL,NULL,NULL,X'457870656E6461626C655061727473',NULL,NULL,NULL,NULL,NULL),
	(801168,801148,X'56414C5545534554444546494E4954494F4E',X'4E616D657370616365',X'4765726D616E4D61646550617274734E616D657370616365',X'75726E3A6F69643A31312E31312E302E32',X'4765726D616E204D616465205061727473',NULL,NULL,NULL,NULL,X'4765726D616E4D6164655061727473',NULL,NULL,NULL,NULL,NULL),
	(801169,801148,X'56414C5545534554444546494E4954494F4E',X'50726F7065727479',X'646566696E6974696F6E',NULL,X'646566696E6974696F6E',NULL,NULL,NULL,NULL,NULL,NULL,NULL,NULL,NULL,NULL),
	(801170,801148,X'56414C5545534554444546494E4954494F4E',X'50726F7065727479',X'7465787475616C50726573656E746174696F6E',NULL,X'7465787475616C50726573656E746174696F6E',NULL,NULL,NULL,NULL,NULL,NULL,NULL,NULL,NULL,NULL),
	(801171,801148,X'56414C5545534554444546494E4954494F4E',X'536F75726365',X'6C6578677269642E6F7267',NULL,X'6C6578677269642E6F7267',NULL,NULL,NULL,NULL,NULL,NULL,NULL,NULL,NULL,NULL),
	(801172,801148,X'56414C5545534554444546494E4954494F4E',X'536F75726365',X'5F313131313031',NULL,X'31312E31312E302E31',NULL,NULL,NULL,NULL,NULL,NULL,NULL,NULL,NULL,NULL),
	(801179,801173,X'56414C5545534554444546494E4954494F4E',X'4173736F63696174696F6E',X'69735F61',X'75726E3A6C7369643A62696F6F6E746F6C6F67792E6F72673A66756E67616C5F616E61746F6D793A69735F61',X'69735F61',NULL,NULL,NULL,NULL,NULL,NULL,NULL,NULL,NULL,NULL),
	(801180,801173,X'56414C5545534554444546494E4954494F4E',X'4173736F63696174696F6E',X'68617353756274797065',X'75726E3A6F69643A312E332E362E312E342E312E323131342E3130382E312E382E31',X'68617353756274797065',NULL,NULL,NULL,NULL,NULL,NULL,NULL,NULL,NULL,NULL),
	(801181,801173,X'56414C5545534554444546494E4954494F4E',X'4173736F63696174696F6E',X'75736573',X'75726E3A6F69643A31312E31312E302E31',X'75736573',NULL,NULL,NULL,NULL,NULL,NULL,NULL,NULL,NULL,NULL),
	(801182,801173,X'56414C5545534554444546494E4954494F4E',X'4173736F63696174696F6E5175616C6966696572',X'686173456E67696E65',X'7777772E736F6D657468696E672E636F6D',X'686173456E67696E65',NULL,NULL,NULL,NULL,NULL,NULL,NULL,NULL,NULL,NULL),
	(801183,801173,X'56414C5545534554444546494E4954494F4E',X'436F64696E67536368656D65',X'4175746F6D6F62696C6573',X'75726E3A6F69643A31312E31312E302E31',X'4175746F6D6F62696C6573',NULL,NULL,NULL,X'31',NULL,NULL,NULL,NULL,NULL,NULL),
	(801184,801173,X'56414C5545534554444546494E4954494F4E',X'436F64696E67536368656D65',X'66756E67616C5F616E61746F6D79',X'75726E3A6C7369643A62696F6F6E746F6C6F67792E6F72673A66756E67616C5F616E61746F6D79',X'66756E67616C5F616E61746F6D79',NULL,NULL,NULL,X'31',NULL,NULL,NULL,NULL,NULL,NULL),
	(801185,801173,X'56414C5545534554444546494E4954494F4E',X'436F64696E67536368656D65',X'457870656E6461626C655061727473',X'75726E3A6F69643A31312E31312E302E3530',X'457870656E6461626C65205061727473',NULL,NULL,NULL,X'31',NULL,NULL,NULL,NULL,NULL,NULL),
	(801186,801173,X'56414C5545534554444546494E4954494F4E',X'436F64696E67536368656D65',X'4765726D616E4D6164655061727473',X'75726E3A6F69643A31312E31312E302E32',X'4765726D616E204D616465205061727473',NULL,NULL,NULL,X'31',NULL,NULL,NULL,NULL,NULL,NULL),
	(801187,801173,X'56414C5545534554444546494E4954494F4E',X'4461746154797065',X'7465737468746D6C',NULL,X'746573742F68746D6C',NULL,NULL,NULL,NULL,NULL,NULL,NULL,NULL,NULL,NULL),
	(801188,801173,X'56414C5545534554444546494E4954494F4E',X'4461746154797065',X'74657874706C61696E',NULL,X'746578742F706C61696E',NULL,NULL,NULL,NULL,NULL,NULL,NULL,NULL,NULL,NULL),
	(801189,801173,X'56414C5545534554444546494E4954494F4E',X'486965726172636879',X'69735F61',NULL,X'68617353756274797065',X'68617353756274797065',X'40',X'31',NULL,NULL,NULL,NULL,NULL,NULL,NULL),
	(801190,801173,X'56414C5545534554444546494E4954494F4E',X'4C616E6775616765',X'656E',X'7777772E656E2E6F72672F6F72736F6D657468696E67',X'656E',NULL,NULL,NULL,NULL,NULL,NULL,NULL,NULL,NULL,NULL),
	(801191,801173,X'56414C5545534554444546494E4954494F4E',X'4E616D657370616365',X'4175746F6D6F62696C6573',X'75726E3A6F69643A31312E31312E302E31',X'4175746F6D6F62696C6573',NULL,NULL,NULL,NULL,X'4175746F6D6F62696C6573',NULL,NULL,NULL,NULL,NULL),
	(801192,801173,X'56414C5545534554444546494E4954494F4E',X'4E616D657370616365',X'457870656E6461626C655061727473',X'75726E3A6F69643A31312E31312E302E3530',X'457870656E6461626C65205061727473',NULL,NULL,NULL,NULL,X'457870656E6461626C655061727473',NULL,NULL,NULL,NULL,NULL),
	(801193,801173,X'56414C5545534554444546494E4954494F4E',X'4E616D657370616365',X'4765726D616E4D61646550617274734E616D657370616365',X'75726E3A6F69643A31312E31312E302E32',X'4765726D616E204D616465205061727473',NULL,NULL,NULL,NULL,X'4765726D616E4D6164655061727473',NULL,NULL,NULL,NULL,NULL),
	(801194,801173,X'56414C5545534554444546494E4954494F4E',X'50726F7065727479',X'646566696E6974696F6E',NULL,X'646566696E6974696F6E',NULL,NULL,NULL,NULL,NULL,NULL,NULL,NULL,NULL,NULL),
	(801195,801173,X'56414C5545534554444546494E4954494F4E',X'50726F7065727479',X'7465787475616C50726573656E746174696F6E',NULL,X'7465787475616C50726573656E746174696F6E',NULL,NULL,NULL,NULL,NULL,NULL,NULL,NULL,NULL,NULL),
	(801196,801173,X'56414C5545534554444546494E4954494F4E',X'536F75726365',X'6C6578677269642E6F7267',NULL,X'6C6578677269642E6F7267',NULL,NULL,NULL,NULL,NULL,NULL,NULL,NULL,NULL,NULL),
	(801197,801173,X'56414C5545534554444546494E4954494F4E',X'536F75726365',X'5F313131313031',NULL,X'31312E31312E302E31',NULL,NULL,NULL,NULL,NULL,NULL,NULL,NULL,NULL,NULL),
	(801204,801198,X'56414C5545534554444546494E4954494F4E',X'4173736F63696174696F6E',X'69735F61',X'75726E3A6C7369643A62696F6F6E746F6C6F67792E6F72673A66756E67616C5F616E61746F6D793A69735F61',X'69735F61',NULL,NULL,NULL,NULL,NULL,NULL,NULL,NULL,NULL,NULL),
	(801205,801198,X'56414C5545534554444546494E4954494F4E',X'4173736F63696174696F6E',X'68617353756274797065',X'75726E3A6F69643A312E332E362E312E342E312E323131342E3130382E312E382E31',X'68617353756274797065',NULL,NULL,NULL,NULL,NULL,NULL,NULL,NULL,NULL,NULL),
	(801206,801198,X'56414C5545534554444546494E4954494F4E',X'4173736F63696174696F6E',X'75736573',X'75726E3A6F69643A31312E31312E302E31',X'75736573',NULL,NULL,NULL,NULL,NULL,NULL,NULL,NULL,NULL,NULL),
	(801207,801198,X'56414C5545534554444546494E4954494F4E',X'4173736F63696174696F6E5175616C6966696572',X'686173456E67696E65',X'7777772E736F6D657468696E672E636F6D',X'686173456E67696E65',NULL,NULL,NULL,NULL,NULL,NULL,NULL,NULL,NULL,NULL),
	(801208,801198,X'56414C5545534554444546494E4954494F4E',X'436F64696E67536368656D65',X'4175746F6D6F62696C6573',X'75726E3A6F69643A31312E31312E302E31',X'4175746F6D6F62696C6573',NULL,NULL,NULL,X'31',NULL,NULL,NULL,NULL,NULL,NULL),
	(801209,801198,X'56414C5545534554444546494E4954494F4E',X'436F64696E67536368656D65',X'66756E67616C5F616E61746F6D79',X'75726E3A6C7369643A62696F6F6E746F6C6F67792E6F72673A66756E67616C5F616E61746F6D79',X'66756E67616C5F616E61746F6D79',NULL,NULL,NULL,X'31',NULL,NULL,NULL,NULL,NULL,NULL),
	(801210,801198,X'56414C5545534554444546494E4954494F4E',X'436F64696E67536368656D65',X'457870656E6461626C655061727473',X'75726E3A6F69643A31312E31312E302E3530',X'457870656E6461626C65205061727473',NULL,NULL,NULL,X'31',NULL,NULL,NULL,NULL,NULL,NULL),
	(801211,801198,X'56414C5545534554444546494E4954494F4E',X'436F64696E67536368656D65',X'4765726D616E4D6164655061727473',X'75726E3A6F69643A31312E31312E302E32',X'4765726D616E204D616465205061727473',NULL,NULL,NULL,X'31',NULL,NULL,NULL,NULL,NULL,NULL),
	(801212,801198,X'56414C5545534554444546494E4954494F4E',X'4461746154797065',X'7465737468746D6C',NULL,X'746573742F68746D6C',NULL,NULL,NULL,NULL,NULL,NULL,NULL,NULL,NULL,NULL),
	(801213,801198,X'56414C5545534554444546494E4954494F4E',X'4461746154797065',X'74657874706C61696E',NULL,X'746578742F706C61696E',NULL,NULL,NULL,NULL,NULL,NULL,NULL,NULL,NULL,NULL),
	(801214,801198,X'56414C5545534554444546494E4954494F4E',X'486965726172636879',X'69735F61',NULL,X'68617353756274797065',X'68617353756274797065',X'40',X'31',NULL,NULL,NULL,NULL,NULL,NULL,NULL),
	(801215,801198,X'56414C5545534554444546494E4954494F4E',X'4C616E6775616765',X'656E',X'7777772E656E2E6F72672F6F72736F6D657468696E67',X'656E',NULL,NULL,NULL,NULL,NULL,NULL,NULL,NULL,NULL,NULL),
	(801216,801198,X'56414C5545534554444546494E4954494F4E',X'4E616D657370616365',X'4175746F6D6F62696C6573',X'75726E3A6F69643A31312E31312E302E31',X'4175746F6D6F62696C6573',NULL,NULL,NULL,NULL,X'4175746F6D6F62696C6573',NULL,NULL,NULL,NULL,NULL),
	(801217,801198,X'56414C5545534554444546494E4954494F4E',X'4E616D657370616365',X'457870656E6461626C655061727473',X'75726E3A6F69643A31312E31312E302E3530',X'457870656E6461626C65205061727473',NULL,NULL,NULL,NULL,X'457870656E6461626C655061727473',NULL,NULL,NULL,NULL,NULL),
	(801218,801198,X'56414C5545534554444546494E4954494F4E',X'4E616D657370616365',X'4765726D616E4D61646550617274734E616D657370616365',X'75726E3A6F69643A31312E31312E302E32',X'4765726D616E204D616465205061727473',NULL,NULL,NULL,NULL,X'4765726D616E4D6164655061727473',NULL,NULL,NULL,NULL,NULL),
	(801219,801198,X'56414C5545534554444546494E4954494F4E',X'50726F7065727479',X'646566696E6974696F6E',NULL,X'646566696E6974696F6E',NULL,NULL,NULL,NULL,NULL,NULL,NULL,NULL,NULL,NULL),
	(801220,801198,X'56414C5545534554444546494E4954494F4E',X'50726F7065727479',X'7465787475616C50726573656E746174696F6E',NULL,X'7465787475616C50726573656E746174696F6E',NULL,NULL,NULL,NULL,NULL,NULL,NULL,NULL,NULL,NULL),
	(801221,801198,X'56414C5545534554444546494E4954494F4E',X'536F75726365',X'6C6578677269642E6F7267',NULL,X'6C6578677269642E6F7267',NULL,NULL,NULL,NULL,NULL,NULL,NULL,NULL,NULL,NULL),
	(801222,801198,X'56414C5545534554444546494E4954494F4E',X'536F75726365',X'5F313131313031',NULL,X'31312E31312E302E31',NULL,NULL,NULL,NULL,NULL,NULL,NULL,NULL,NULL,NULL),
	(801229,801223,X'56414C5545534554444546494E4954494F4E',X'4173736F63696174696F6E',X'69735F61',X'75726E3A6C7369643A62696F6F6E746F6C6F67792E6F72673A66756E67616C5F616E61746F6D793A69735F61',X'69735F61',NULL,NULL,NULL,NULL,NULL,NULL,NULL,NULL,NULL,NULL),
	(801230,801223,X'56414C5545534554444546494E4954494F4E',X'4173736F63696174696F6E',X'68617353756274797065',X'75726E3A6F69643A312E332E362E312E342E312E323131342E3130382E312E382E31',X'68617353756274797065',NULL,NULL,NULL,NULL,NULL,NULL,NULL,NULL,NULL,NULL),
	(801231,801223,X'56414C5545534554444546494E4954494F4E',X'4173736F63696174696F6E',X'75736573',X'75726E3A6F69643A31312E31312E302E31',X'75736573',NULL,NULL,NULL,NULL,NULL,NULL,NULL,NULL,NULL,NULL),
	(801232,801223,X'56414C5545534554444546494E4954494F4E',X'4173736F63696174696F6E5175616C6966696572',X'686173456E67696E65',X'7777772E736F6D657468696E672E636F6D',X'686173456E67696E65',NULL,NULL,NULL,NULL,NULL,NULL,NULL,NULL,NULL,NULL),
	(801233,801223,X'56414C5545534554444546494E4954494F4E',X'436F64696E67536368656D65',X'4175746F6D6F62696C6573',X'75726E3A6F69643A31312E31312E302E31',X'4175746F6D6F62696C6573',NULL,NULL,NULL,X'31',NULL,NULL,NULL,NULL,NULL,NULL),
	(801234,801223,X'56414C5545534554444546494E4954494F4E',X'436F64696E67536368656D65',X'66756E67616C5F616E61746F6D79',X'75726E3A6C7369643A62696F6F6E746F6C6F67792E6F72673A66756E67616C5F616E61746F6D79',X'66756E67616C5F616E61746F6D79',NULL,NULL,NULL,X'31',NULL,NULL,NULL,NULL,NULL,NULL),
	(801235,801223,X'56414C5545534554444546494E4954494F4E',X'436F64696E67536368656D65',X'457870656E6461626C655061727473',X'75726E3A6F69643A31312E31312E302E3530',X'457870656E6461626C65205061727473',NULL,NULL,NULL,X'31',NULL,NULL,NULL,NULL,NULL,NULL),
	(801236,801223,X'56414C5545534554444546494E4954494F4E',X'436F64696E67536368656D65',X'4765726D616E4D6164655061727473',X'75726E3A6F69643A31312E31312E302E32',X'4765726D616E204D616465205061727473',NULL,NULL,NULL,X'31',NULL,NULL,NULL,NULL,NULL,NULL),
	(801237,801223,X'56414C5545534554444546494E4954494F4E',X'4461746154797065',X'7465737468746D6C',NULL,X'746573742F68746D6C',NULL,NULL,NULL,NULL,NULL,NULL,NULL,NULL,NULL,NULL),
	(801238,801223,X'56414C5545534554444546494E4954494F4E',X'4461746154797065',X'74657874706C61696E',NULL,X'746578742F706C61696E',NULL,NULL,NULL,NULL,NULL,NULL,NULL,NULL,NULL,NULL),
	(801239,801223,X'56414C5545534554444546494E4954494F4E',X'486965726172636879',X'69735F61',NULL,X'68617353756274797065',X'68617353756274797065',X'40',X'31',NULL,NULL,NULL,NULL,NULL,NULL,NULL),
	(801240,801223,X'56414C5545534554444546494E4954494F4E',X'4C616E6775616765',X'656E',X'7777772E656E2E6F72672F6F72736F6D657468696E67',X'656E',NULL,NULL,NULL,NULL,NULL,NULL,NULL,NULL,NULL,NULL),
	(801241,801223,X'56414C5545534554444546494E4954494F4E',X'4E616D657370616365',X'4175746F6D6F62696C6573',X'75726E3A6F69643A31312E31312E302E31',X'4175746F6D6F62696C6573',NULL,NULL,NULL,NULL,X'4175746F6D6F62696C6573',NULL,NULL,NULL,NULL,NULL),
	(801242,801223,X'56414C5545534554444546494E4954494F4E',X'4E616D657370616365',X'457870656E6461626C655061727473',X'75726E3A6F69643A31312E31312E302E3530',X'457870656E6461626C65205061727473',NULL,NULL,NULL,NULL,X'457870656E6461626C655061727473',NULL,NULL,NULL,NULL,NULL),
	(801243,801223,X'56414C5545534554444546494E4954494F4E',X'4E616D657370616365',X'4765726D616E4D61646550617274734E616D657370616365',X'75726E3A6F69643A31312E31312E302E32',X'4765726D616E204D616465205061727473',NULL,NULL,NULL,NULL,X'4765726D616E4D6164655061727473',NULL,NULL,NULL,NULL,NULL),
	(801244,801223,X'56414C5545534554444546494E4954494F4E',X'50726F7065727479',X'646566696E6974696F6E',NULL,X'646566696E6974696F6E',NULL,NULL,NULL,NULL,NULL,NULL,NULL,NULL,NULL,NULL),
	(801245,801223,X'56414C5545534554444546494E4954494F4E',X'50726F7065727479',X'7465787475616C50726573656E746174696F6E',NULL,X'7465787475616C50726573656E746174696F6E',NULL,NULL,NULL,NULL,NULL,NULL,NULL,NULL,NULL,NULL),
	(801246,801223,X'56414C5545534554444546494E4954494F4E',X'536F75726365',X'6C6578677269642E6F7267',NULL,X'6C6578677269642E6F7267',NULL,NULL,NULL,NULL,NULL,NULL,NULL,NULL,NULL,NULL),
	(801247,801223,X'56414C5545534554444546494E4954494F4E',X'536F75726365',X'5F313131313031',NULL,X'31312E31312E302E31',NULL,NULL,NULL,NULL,NULL,NULL,NULL,NULL,NULL,NULL),
	(801269,801248,X'56414C5545534554444546494E4954494F4E',X'4173736F63696174696F6E',X'69735F61',X'75726E3A6C7369643A62696F6F6E746F6C6F67792E6F72673A66756E67616C5F616E61746F6D793A69735F61',X'69735F61',NULL,NULL,NULL,NULL,NULL,NULL,NULL,NULL,NULL,NULL),
	(801270,801248,X'56414C5545534554444546494E4954494F4E',X'4173736F63696174696F6E',X'68617353756274797065',X'75726E3A6F69643A312E332E362E312E342E312E323131342E3130382E312E382E31',X'68617353756274797065',NULL,NULL,NULL,NULL,NULL,NULL,NULL,NULL,NULL,NULL),
	(801271,801248,X'56414C5545534554444546494E4954494F4E',X'4173736F63696174696F6E',X'75736573',X'75726E3A6F69643A31312E31312E302E31',X'75736573',NULL,NULL,NULL,NULL,NULL,NULL,NULL,NULL,NULL,NULL),
	(801272,801248,X'56414C5545534554444546494E4954494F4E',X'4173736F63696174696F6E5175616C6966696572',X'686173456E67696E65',X'7777772E736F6D657468696E672E636F6D',X'686173456E67696E65',NULL,NULL,NULL,NULL,NULL,NULL,NULL,NULL,NULL,NULL),
	(801273,801248,X'56414C5545534554444546494E4954494F4E',X'436F64696E67536368656D65',X'4175746F6D6F62696C6573',X'75726E3A6F69643A31312E31312E302E31',X'4175746F6D6F62696C6573',NULL,NULL,NULL,X'31',NULL,NULL,NULL,NULL,NULL,NULL),
	(801274,801248,X'56414C5545534554444546494E4954494F4E',X'436F64696E67536368656D65',X'66756E67616C5F616E61746F6D79',X'75726E3A6C7369643A62696F6F6E746F6C6F67792E6F72673A66756E67616C5F616E61746F6D79',X'66756E67616C5F616E61746F6D79',NULL,NULL,NULL,X'31',NULL,NULL,NULL,NULL,NULL,NULL),
	(801275,801248,X'56414C5545534554444546494E4954494F4E',X'436F64696E67536368656D65',X'457870656E6461626C655061727473',X'75726E3A6F69643A31312E31312E302E3530',X'457870656E6461626C65205061727473',NULL,NULL,NULL,X'31',NULL,NULL,NULL,NULL,NULL,NULL),
	(801276,801248,X'56414C5545534554444546494E4954494F4E',X'436F64696E67536368656D65',X'4765726D616E4D6164655061727473',X'75726E3A6F69643A31312E31312E302E32',X'4765726D616E204D616465205061727473',NULL,NULL,NULL,X'31',NULL,NULL,NULL,NULL,NULL,NULL),
	(801277,801248,X'56414C5545534554444546494E4954494F4E',X'4461746154797065',X'7465737468746D6C',NULL,X'746573742F68746D6C',NULL,NULL,NULL,NULL,NULL,NULL,NULL,NULL,NULL,NULL),
	(801278,801248,X'56414C5545534554444546494E4954494F4E',X'4461746154797065',X'74657874706C61696E',NULL,X'746578742F706C61696E',NULL,NULL,NULL,NULL,NULL,NULL,NULL,NULL,NULL,NULL),
	(801279,801248,X'56414C5545534554444546494E4954494F4E',X'486965726172636879',X'69735F61',NULL,X'68617353756274797065',X'68617353756274797065',X'40',X'31',NULL,NULL,NULL,NULL,NULL,NULL,NULL),
	(801280,801248,X'56414C5545534554444546494E4954494F4E',X'4C616E6775616765',X'656E',X'7777772E656E2E6F72672F6F72736F6D657468696E67',X'656E',NULL,NULL,NULL,NULL,NULL,NULL,NULL,NULL,NULL,NULL),
	(801281,801248,X'56414C5545534554444546494E4954494F4E',X'4E616D657370616365',X'4175746F6D6F62696C6573',X'75726E3A6F69643A31312E31312E302E31',X'4175746F6D6F62696C6573',NULL,NULL,NULL,NULL,X'4175746F6D6F62696C6573',NULL,NULL,NULL,NULL,NULL),
	(801282,801248,X'56414C5545534554444546494E4954494F4E',X'4E616D657370616365',X'457870656E6461626C655061727473',X'75726E3A6F69643A31312E31312E302E3530',X'457870656E6461626C65205061727473',NULL,NULL,NULL,NULL,X'457870656E6461626C655061727473',NULL,NULL,NULL,NULL,NULL),
	(801283,801248,X'56414C5545534554444546494E4954494F4E',X'4E616D657370616365',X'4765726D616E4D61646550617274734E616D657370616365',X'75726E3A6F69643A31312E31312E302E32',X'4765726D616E204D616465205061727473',NULL,NULL,NULL,NULL,X'4765726D616E4D6164655061727473',NULL,NULL,NULL,NULL,NULL),
	(801284,801248,X'56414C5545534554444546494E4954494F4E',X'50726F7065727479',X'646566696E6974696F6E',NULL,X'646566696E6974696F6E',NULL,NULL,NULL,NULL,NULL,NULL,NULL,NULL,NULL,NULL),
	(801285,801248,X'56414C5545534554444546494E4954494F4E',X'50726F7065727479',X'7465787475616C50726573656E746174696F6E',NULL,X'7465787475616C50726573656E746174696F6E',NULL,NULL,NULL,NULL,NULL,NULL,NULL,NULL,NULL,NULL),
	(801286,801248,X'56414C5545534554444546494E4954494F4E',X'536F75726365',X'6C6578677269642E6F7267',NULL,X'6C6578677269642E6F7267',NULL,NULL,NULL,NULL,NULL,NULL,NULL,NULL,NULL,NULL),
	(801287,801248,X'56414C5545534554444546494E4954494F4E',X'536F75726365',X'5F313131313031',NULL,X'31312E31312E302E31',NULL,NULL,NULL,NULL,NULL,NULL,NULL,NULL,NULL,NULL),
	(801289,801248,X'56414C5545534554444546494E4954494F4E',X'4461746154797065',X'74657874',NULL,X'74657874',NULL,NULL,NULL,NULL,NULL,NULL,NULL,NULL,NULL,NULL),
	(801290,801248,X'56414C5545534554444546494E4954494F4E',X'50726F70657274795175616C6966696572',X'50726F705175616C2041204E616D7575757575',NULL,X'50726F705175616C2041204E616D7575757575',NULL,NULL,NULL,NULL,NULL,NULL,NULL,NULL,NULL,NULL),
	(801291,801248,X'56414C5545534554444546494E4954494F4E',X'50726F70657274795175616C6966696572',X'50726F705175616C2042204E616D7575757575',NULL,X'50726F705175616C2042204E616D7575757575',NULL,NULL,NULL,NULL,NULL,NULL,NULL,NULL,NULL,NULL),
	(801292,801248,X'56414C5545534554444546494E4954494F4E',X'536F75726365',X'4F424F',NULL,X'4F424F',NULL,NULL,NULL,NULL,NULL,NULL,NULL,NULL,NULL,NULL),
	(801293,801248,X'56414C5545534554444546494E4954494F4E',X'536F75726365',X'46756E67616C',NULL,X'46756E67616C',NULL,NULL,NULL,NULL,NULL,NULL,NULL,NULL,NULL,NULL),
	(801294,801248,X'56414C5545534554444546494E4954494F4E',X'436F6E74657874',X'4F424F',NULL,X'4F424F',NULL,NULL,NULL,NULL,NULL,NULL,NULL,NULL,NULL,NULL),
	(801295,801248,X'56414C5545534554444546494E4954494F4E',X'436F6E74657874',X'46756E67616C',NULL,X'46756E67616C',NULL,NULL,NULL,NULL,NULL,NULL,NULL,NULL,NULL,NULL),
	(801296,801248,X'56414C5545534554444546494E4954494F4E',X'436F6E74657874',X'416E61746F6D79',NULL,X'416E61746F6D79',NULL,NULL,NULL,NULL,NULL,NULL,NULL,NULL,NULL,NULL),
	(801369,801365,X'56414C5545534554444546494E4954494F4E',X'436F64696E67536368656D65',X'6F776C326C6578657673',X'687474703A2F2F6E636963622E6E63692E6E69682E676F762F786D6C2F6F776C2F4556532F6F776C326C65786576732E6F776C',X'6F776C326C6578657673',NULL,NULL,NULL,X'31',NULL,NULL,NULL,NULL,NULL,NULL),
	(801371,801365,X'56414C5545534554444546494E4954494F4E',X'4E616D657370616365',X'6F776C326C6578657673',X'687474703A2F2F6E636963622E6E63692E6E69682E676F762F786D6C2F6F776C2F4556532F6F776C326C65786576732E6F776C',X'6F776C326C6578657673',NULL,NULL,NULL,NULL,X'6F776C326C6578657673',NULL,NULL,NULL,NULL,NULL),
	(801372,801365,X'56414C5545534554444546494E4954494F4E',X'536F75726365',X'464441',X'687474703A2F2F6E636963622E6E63692E6E69682E676F762F786D6C2F6F776C2F4556532F6F776C326C65786576732E6F776C',X'464441',NULL,NULL,NULL,NULL,NULL,NULL,NULL,NULL,NULL,NULL),
	(801377,801365,X'56414C5545534554444546494E4954494F4E',X'436F6E63657074446F6D61696E',X'496E74656C6C65637475616C2050726F64756374',NULL,X'496E74656C6C65637475616C2050726F64756374',NULL,NULL,NULL,NULL,NULL,NULL,NULL,NULL,NULL,NULL),
	(801382,801378,X'56414C5545534554444546494E4954494F4E',X'436F64696E67536368656D65',X'6F776C326C6578657673',X'687474703A2F2F6E636963622E6E63692E6E69682E676F762F786D6C2F6F776C2F4556532F6F776C326C65786576732E6F776C',X'6F776C326C6578657673',NULL,NULL,NULL,X'31',NULL,NULL,NULL,NULL,NULL,NULL),
	(801384,801378,X'56414C5545534554444546494E4954494F4E',X'4E616D657370616365',X'6F776C326C6578657673',X'687474703A2F2F6E636963622E6E63692E6E69682E676F762F786D6C2F6F776C2F4556532F6F776C326C65786576732E6F776C',X'6F776C326C6578657673',NULL,NULL,NULL,NULL,X'6F776C326C6578657673',NULL,NULL,NULL,NULL,NULL),
	(801385,801378,X'56414C5545534554444546494E4954494F4E',X'536F75726365',X'464441',X'687474703A2F2F6E636963622E6E63692E6E69682E676F762F786D6C2F6F776C2F4556532F6F776C326C65786576732E6F776C',X'464441',NULL,NULL,NULL,NULL,NULL,NULL,NULL,NULL,NULL,NULL),
	(801390,801378,X'56414C5545534554444546494E4954494F4E',X'436F6E63657074446F6D61696E',X'5175616C6974617469766520436F6E63657074',NULL,X'5175616C6974617469766520436F6E63657074',NULL,NULL,NULL,NULL,NULL,NULL,NULL,NULL,NULL,NULL),
	(801395,801391,X'56414C5545534554444546494E4954494F4E',X'436F64696E67536368656D65',X'6F776C326C6578657673',X'687474703A2F2F6E636963622E6E63692E6E69682E676F762F786D6C2F6F776C2F4556532F6F776C326C65786576732E6F776C',X'6F776C326C6578657673',NULL,NULL,NULL,X'31',NULL,NULL,NULL,NULL,NULL,NULL),
	(801397,801391,X'56414C5545534554444546494E4954494F4E',X'4E616D657370616365',X'6F776C326C6578657673',X'687474703A2F2F6E636963622E6E63692E6E69682E676F762F786D6C2F6F776C2F4556532F6F776C326C65786576732E6F776C',X'6F776C326C6578657673',NULL,NULL,NULL,NULL,X'6F776C326C6578657673',NULL,NULL,NULL,NULL,NULL),
	(801398,801391,X'56414C5545534554444546494E4954494F4E',X'536F75726365',X'464441',X'687474703A2F2F6E636963622E6E63692E6E69682E676F762F786D6C2F6F776C2F4556532F6F776C326C65786576732E6F776C',X'464441',NULL,NULL,NULL,NULL,NULL,NULL,NULL,NULL,NULL,NULL),
	(801403,801391,X'56414C5545534554444546494E4954494F4E',X'436F6E63657074446F6D61696E',X'5175616C6974617469766520436F6E63657074',NULL,X'5175616C6974617469766520436F6E63657074',NULL,NULL,NULL,NULL,NULL,NULL,NULL,NULL,NULL,NULL),
	(801408,801404,X'56414C5545534554444546494E4954494F4E',X'436F64696E67536368656D65',X'6F776C326C6578657673',X'687474703A2F2F6E636963622E6E63692E6E69682E676F762F786D6C2F6F776C2F4556532F6F776C326C65786576732E6F776C',X'6F776C326C6578657673',NULL,NULL,NULL,X'31',NULL,NULL,NULL,NULL,NULL,NULL),
	(801410,801404,X'56414C5545534554444546494E4954494F4E',X'4E616D657370616365',X'6F776C326C6578657673',X'687474703A2F2F6E636963622E6E63692E6E69682E676F762F786D6C2F6F776C2F4556532F6F776C326C65786576732E6F776C',X'6F776C326C6578657673',NULL,NULL,NULL,NULL,X'6F776C326C6578657673',NULL,NULL,NULL,NULL,NULL),
	(801411,801404,X'56414C5545534554444546494E4954494F4E',X'536F75726365',X'464441',X'687474703A2F2F6E636963622E6E63692E6E69682E676F762F786D6C2F6F776C2F4556532F6F776C326C65786576732E6F776C',X'464441',NULL,NULL,NULL,NULL,NULL,NULL,NULL,NULL,NULL,NULL),
	(801416,801404,X'56414C5545534554444546494E4954494F4E',X'436F6E63657074446F6D61696E',X'5175616C6974617469766520436F6E63657074',NULL,X'5175616C6974617469766520436F6E63657074',NULL,NULL,NULL,NULL,NULL,NULL,NULL,NULL,NULL,NULL),
	(801421,801417,X'56414C5545534554444546494E4954494F4E',X'436F64696E67536368656D65',X'6F776C326C6578657673',X'687474703A2F2F6E636963622E6E63692E6E69682E676F762F786D6C2F6F776C2F4556532F6F776C326C65786576732E6F776C',X'6F776C326C6578657673',NULL,NULL,NULL,X'31',NULL,NULL,NULL,NULL,NULL,NULL),
	(801423,801417,X'56414C5545534554444546494E4954494F4E',X'4E616D657370616365',X'6F776C326C6578657673',X'687474703A2F2F6E636963622E6E63692E6E69682E676F762F786D6C2F6F776C2F4556532F6F776C326C65786576732E6F776C',X'6F776C326C6578657673',NULL,NULL,NULL,NULL,X'6F776C326C6578657673',NULL,NULL,NULL,NULL,NULL),
	(801424,801417,X'56414C5545534554444546494E4954494F4E',X'536F75726365',X'464441',X'687474703A2F2F6E636963622E6E63692E6E69682E676F762F786D6C2F6F776C2F4556532F6F776C326C65786576732E6F776C',X'464441',NULL,NULL,NULL,NULL,NULL,NULL,NULL,NULL,NULL,NULL),
	(801429,801417,X'56414C5545534554444546494E4954494F4E',X'436F6E63657074446F6D61696E',X'5175616C6974617469766520436F6E63657074',NULL,X'5175616C6974617469766520436F6E63657074',NULL,NULL,NULL,NULL,NULL,NULL,NULL,NULL,NULL,NULL),
	(801434,801430,X'56414C5545534554444546494E4954494F4E',X'436F64696E67536368656D65',X'6F776C326C6578657673',X'687474703A2F2F6E636963622E6E63692E6E69682E676F762F786D6C2F6F776C2F4556532F6F776C326C65786576732E6F776C',X'6F776C326C6578657673',NULL,NULL,NULL,X'31',NULL,NULL,NULL,NULL,NULL,NULL),
	(801436,801430,X'56414C5545534554444546494E4954494F4E',X'4E616D657370616365',X'6F776C326C6578657673',X'687474703A2F2F6E636963622E6E63692E6E69682E676F762F786D6C2F6F776C2F4556532F6F776C326C65786576732E6F776C',X'6F776C326C6578657673',NULL,NULL,NULL,NULL,X'6F776C326C6578657673',NULL,NULL,NULL,NULL,NULL),
	(801437,801430,X'56414C5545534554444546494E4954494F4E',X'536F75726365',X'54455354',X'687474703A2F2F6E636963622E6E63692E6E69682E676F762F786D6C2F6F776C2F4556532F6F776C326C65786576732E6F776C',X'54455354',NULL,NULL,NULL,NULL,NULL,NULL,NULL,NULL,NULL,NULL),
	(801442,801430,X'56414C5545534554444546494E4954494F4E',X'436F6E63657074446F6D61696E',X'5175616C6974617469766520436F6E63657074',NULL,X'5175616C6974617469766520436F6E63657074',NULL,NULL,NULL,NULL,NULL,NULL,NULL,NULL,NULL,NULL),
	(803884,803877,X'56414C5545534554444546494E4954494F4E',X'436F64696E67536368656D65',X'6F776C326C6578657673',X'687474703A2F2F6E636963622E6E63692E6E69682E676F762F786D6C2F6F776C2F4556532F6F776C326C65786576732E6F776C',X'4F574C20546F204C4558455653',NULL,NULL,NULL,X'31',NULL,NULL,NULL,NULL,NULL,NULL),
	(803885,803877,X'56414C5545534554444546494E4954494F4E',X'486965726172636879',X'69735F61',NULL,X'68617353756274797065',X'68617353756274797065',X'40',X'31',NULL,NULL,NULL,NULL,NULL,NULL,NULL),
	(803886,803877,X'56414C5545534554444546494E4954494F4E',X'4C616E6775616765',X'656E',X'7777772E656E2E6F72672F6F72736F6D657468696E67',X'656E',NULL,NULL,NULL,NULL,NULL,NULL,NULL,NULL,NULL,NULL),
	(803887,803877,X'56414C5545534554444546494E4954494F4E',X'4E616D657370616365',X'6F776C326C6578657673',X'687474703A2F2F6E636963622E6E63692E6E69682E676F762F786D6C2F6F776C2F4556532F6F776C326C65786576732E6F776C',X'4175746F6D6F62696C6573',NULL,NULL,NULL,NULL,X'6F776C326C6578657673',NULL,NULL,NULL,NULL,NULL),
	(803888,803877,X'56414C5545534554444546494E4954494F4E',X'50726F7065727479',X'7465787475616C50726573656E746174696F6E',NULL,X'7465787475616C50726573656E746174696F6E',NULL,NULL,NULL,NULL,NULL,NULL,NULL,NULL,NULL,NULL),
	(803889,803877,X'56414C5545534554444546494E4954494F4E',X'536F75726365',X'6C6578677269642E6F7267',NULL,X'6C6578677269642E6F7267',NULL,NULL,NULL,NULL,NULL,NULL,NULL,NULL,NULL,NULL),
	(803891,803877,X'56414C5545534554444546494E4954494F4E',X'436F6E74657874',X'426C61636B',X'687474703A2F2F6576732E6E63692E6E69682E676F762F76616C75657365742F4644412F433438333233',X'426C61636B',NULL,NULL,NULL,NULL,NULL,NULL,NULL,NULL,NULL,NULL),
	(803892,803877,X'56414C5545534554444546494E4954494F4E',X'436F6E63657074446F6D61696E',X'4F776C32',NULL,X'4F776C32',NULL,NULL,NULL,NULL,NULL,NULL,NULL,NULL,NULL,NULL);

/*!40000 ALTER TABLE `lbvsSupportedAttrib` ENABLE KEYS */;